Date,Night usage(10p.m-7a.m.)(KW/h),Daytime usage(8a.m- 9p.m.)(KW/h),Total consuption(KW/h),Outside Temperture(â„ƒ)
03-Jan-15,86.0 ,54.0 ,140.0 ,2.0 
04-Jan-15,26.0 ,20.0 ,46.0 ,-2.0 
05-Jan-15,3.0 ,37.0 ,40.0 ,-9.0 
06-Jan-15,36.0 ,18.0 ,54.0 ,-17.0 
07-Jan-15,1.0 ,15.0 ,16.0 ,-6.0 
08-Jan-15,58.0 ,16.0 ,74.0 ,-2.0 
09-Jan-15,27.0 ,13.0 ,40.0 ,2.0 
10-Jan-15,32.0 ,14.0 ,46.0 ,-2.0 
11-Jan-15,27.0 ,19.0 ,46.0 ,-2.0 
12-Jan-15,0.0 ,52.0 ,52.0 ,-14.0 
13-Jan-15,31.0 ,15.0 ,46.0 ,0.0 
14-Jan-15,27.0 ,14.0 ,41.0 ,1.0 
15-Jan-15,32.0 ,13.0 ,45.0 ,0.0 
16-Jan-15,23.0 ,14.0 ,37.0 ,0.0 
17-Jan-15,26.0 ,16.0 ,42.0 ,3.0 
18-Jan-15,24.0 ,15.0 ,39.0 ,2.0 
19-Jan-15,1.0 ,41.0 ,42.0 ,-1.0 
20-Jan-15,26.0 ,13.0 ,39.0 ,-3.0 
21-Jan-15,27.0 ,15.0 ,42.0 ,-6.0 
22-Jan-15,26.0 ,19.0 ,45.0 ,-7.0 
23-Jan-15,28.0 ,18.0 ,46.0 ,-7.0 
24-Jan-15,35.0 ,14.0 ,49.0 ,-5.0 
25-Jan-15,22.0 ,18.0 ,40.0 ,-2.0 
26-Jan-15,0.0 ,44.0 ,44.0 ,0.0 
27-Jan-15,26.0 ,12.0 ,38.0 ,0.0 
28-Jan-15,31.0 ,12.0 ,43.0 ,-1.0 
29-Jan-15,28.0 ,13.0 ,41.0 ,0.0 
30-Jan-15,23.0 ,12.0 ,35.0 ,0.0 
31-Jan-15,31.0 ,13.0 ,44.0 ,1.0 
01-Feb-15,22.0 ,16.0 ,38.0 ,0.0 
02-Feb-15,0.0 ,38.0 ,38.0 ,1.0 
03-Feb-15,31.0 ,11.0 ,42.0 ,0.0 
04-Feb-15,22.0 ,11.0 ,33.0 ,-3.0 
05-Feb-15,25.0 ,15.0 ,40.0 ,-2.0 
06-Feb-15,30.0 ,12.0 ,42.0 ,-1.0 
07-Feb-15,23.0 ,13.0 ,36.0 ,0.0 
08-Feb-15,20.0 ,13.0 ,33.0 ,-3.0 
09-Feb-15,0.0 ,49.0 ,49.0 ,-7.0 
10-Feb-15,24.0 ,12.0 ,36.0 ,1.0 
11-Feb-15,23.0 ,12.0 ,35.0 ,2.0 
12-Feb-15,23.0 ,12.0 ,35.0 ,2.0 
13-Feb-15,25.0 ,14.0 ,39.0 ,-1.0 
19-Feb-15,93.0 ,83.0 ,176.0 ,2.0 
20-Feb-15,25.0 ,11.0 ,36.0 ,3.0 
21-Feb-15,27.0 ,11.0 ,38.0 ,1.0 
22-Feb-15,21.0 ,11.0 ,32.0 ,1.0 
23-Feb-15,0.0 ,39.0 ,39.0 ,1.0 
24-Feb-15,20.0 ,11.0 ,31.0 ,2.0 
25-Feb-15,21.0 ,12.0 ,33.0 ,2.0 
26-Feb-15,21.0 ,10.0 ,31.0 ,1.0 
27-Feb-15,22.0 ,13.0 ,35.0 ,1.0 
28-Feb-15,21.0 ,12.0 ,33.0 ,0.0 
01-Mar-15,22.0 ,12.0 ,34.0 ,1.0 
02-Mar-15,1.0 ,38.0 ,39.0 ,2.0 
03-Mar-15,20.0 ,10.0 ,30.0 ,2.0 
04-Mar-15,25.0 ,12.0 ,37.0 ,1.0 
05-Mar-15,21.0 ,12.0 ,33.0 ,1.0 
06-Mar-15,20.0 ,14.0 ,34.0 ,0.0 
07-Mar-15,28.0 ,12.0 ,40.0 ,1.0 
08-Mar-15,22.0 ,14.0 ,36.0 ,4.0 
09-Mar-15,1.0 ,35.0 ,36.0 ,5.0 
10-Mar-15,20.0 ,12.0 ,32.0 ,1.0 
11-Mar-15,18.0 ,11.0 ,29.0 ,2.0 
12-Mar-15,19.0 ,13.0 ,32.0 ,-4.0 
13-Mar-15,18.0 ,14.0 ,32.0 ,-6.0 
14-Mar-15,18.0 ,12.0 ,30.0 ,-4.0 
15-Mar-15,20.0 ,13.0 ,33.0 ,-3.0 
16-Mar-15,0.0 ,37.0 ,37.0 ,-5.0 
17-Mar-15,15.0 ,13.0 ,28.0 ,-5.0 
18-Mar-15,19.0 ,12.0 ,31.0 ,-4.0 
19-Mar-15,22.0 ,13.0 ,35.0 ,-4.0 
20-Mar-15,14.0 ,10.0 ,24.0 ,1.0 
21-Mar-15,21.0 ,10.0 ,31.0 ,-1.0 
25-Mar-15,35.0 ,54.0 ,89.0 ,-2.0 
26-Mar-15,26.0 ,13.0 ,39.0 ,-4.0 
27-Mar-15,20.0 ,13.0 ,33.0 ,0.0 
28-Mar-15,24.0 ,12.0 ,36.0 ,4.0 
29-Mar-15,18.0 ,12.0 ,30.0 ,2.0 
30-Mar-15,0.0 ,37.0 ,37.0 ,1.0 
31-Mar-15,21.0 ,12.0 ,33.0 ,2.0 
01-Apr-15,25.0 ,11.0 ,36.0 ,0.0 
02-Apr-15,19.0 ,13.0 ,32.0 ,2.0 
03-Apr-15,22.0 ,11.0 ,33.0 ,0.0 
04-Apr-15,24.0 ,10.0 ,34.0 ,2.0 
05-Apr-15,16.0 ,11.0 ,27.0 ,1.0 
06-Apr-15,3.0 ,31.0 ,34.0 ,-2.0 
07-Apr-15,19.0 ,11.0 ,30.0 ,3.0 
08-Apr-15,17.0 ,11.0 ,28.0 ,4.0 
09-Apr-15,17.0 ,10.0 ,27.0 ,3.0 
10-Apr-15,16.0 ,11.0 ,27.0 ,3.0 
11-Apr-15,23.0 ,11.0 ,34.0 ,4.0 
12-Apr-15,13.0 ,13.0 ,26.0 ,5.0 
13-Apr-15,0.0 ,26.0 ,26.0 ,2.0 
14-Apr-15,15.0 ,10.0 ,25.0 ,2.0 
15-Apr-15,23.0 ,10.0 ,33.0 ,-2.0 
16-Apr-15,18.0 ,8.0 ,26.0 ,2.0 
17-Apr-15,14.0 ,12.0 ,26.0 ,2.0 
18-Apr-15,16.0 ,11.0 ,27.0 ,1.0 
19-Apr-15,12.0 ,14.0 ,26.0 ,6.0 
20-Apr-15,0.0 ,20.0 ,20.0 ,3.0 
21-Apr-15,14.0 ,8.0 ,22.0 ,3.0 
22-Apr-15,13.0 ,10.0 ,23.0 ,5.0 
23-Apr-15,18.0 ,9.0 ,27.0 ,6.0 
24-Apr-15,11.0 ,9.0 ,20.0 ,2.0 
25-Apr-15,14.0 ,13.0 ,27.0 ,1.0 
26-Apr-15,19.0 ,8.0 ,27.0 ,6.0 
27-Apr-15,1.0 ,24.0 ,25.0 ,5.0 
28-Apr-15,14.0 ,7.0 ,21.0 ,8.0 
29-Apr-15,21.0 ,8.0 ,29.0 ,7.0 
30-Apr-15,14.0 ,9.0 ,23.0 ,3.0 
01-May-15,15.0 ,9.0 ,24.0 ,6.0 
02-May-15,18.0 ,7.0 ,25.0 ,7.0 
03-May-15,14.0 ,9.0 ,23.0 ,5.0 
04-May-15,1.0 ,24.0 ,25.0 ,3.0 
05-May-15,15.0 ,7.0 ,22.0 ,7.0 
06-May-15,13.0 ,9.0 ,22.0 ,8.0 
07-May-15,15.0 ,7.0 ,22.0 ,9.0 
08-May-15,12.0 ,9.0 ,21.0 ,8.0 
09-May-15,21.0 ,10.0 ,31.0 ,7.0 
10-May-15,8.0 ,12.0 ,20.0 ,5.0 
11-May-15,0.0 ,26.0 ,26.0 ,8.0 
12-May-15,12.0 ,10.0 ,22.0 ,7.0 
13-May-15,12.0 ,7.0 ,19.0 ,10.0 
14-May-15,20.0 ,8.0 ,28.0 ,7.0 
16-May-15,23.0 ,17.0 ,40.0 ,5.0 
17-May-15,14.0 ,8.0 ,22.0 ,10.0 
18-May-15,0.0 ,20.0 ,20.0 ,5.0 
19-May-15,15.0 ,9.0 ,24.0 ,9.0 
20-May-15,13.0 ,6.0 ,19.0 ,10.0 
21-May-15,11.0 ,8.0 ,19.0 ,9.0 
22-May-15,12.0 ,7.0 ,19.0 ,8.0 
23-May-15,21.0 ,8.0 ,29.0 ,9.0 
24-May-15,12.0 ,10.0 ,22.0 ,9.0 
25-May-15,0.0 ,21.0 ,21.0 ,8.0 
26-May-15,20.0 ,8.0 ,28.0 ,11.0 
27-May-15,14.0 ,5.0 ,19.0 ,13.0 
28-May-15,8.0 ,6.0 ,14.0 ,10.0 
29-May-15,11.0 ,6.0 ,17.0 ,11.0 
30-May-15,18.0 ,9.0 ,27.0 ,7.0 
15-Jun-15,55.0 ,62.0 ,117.0 ,15.0 
16-Jun-15,9.0 ,7.0 ,16.0 ,11.0 
17-Jun-15,10.0 ,9.0 ,19.0 ,10.0 
18-Jun-15,7.0 ,6.0 ,13.0 ,11.0 
19-Jun-15,12.0 ,7.0 ,19.0 ,12.0 
20-Jun-15,11.0 ,7.0 ,18.0 ,12.0 
23-Jun-15,10.0 ,14.0 ,24.0 ,14.0 
24-Jun-15,9.0 ,5.0 ,14.0 ,14.0 
25-Jun-15,18.0 ,6.0 ,24.0 ,13.0 
26-Jun-15,14.0 ,8.0 ,22.0 ,13.0 
27-Jun-15,9.0 ,9.0 ,18.0 ,15.0 
28-Jun-15,10.0 ,5.0 ,15.0 ,15.0 
29-Jun-15,1.0 ,21.0 ,22.0 ,14.0 
30-Jun-15,9.0 ,3.0 ,12.0 ,15.0 
01-Jul-15,10.0 ,6.0 ,16.0 ,16.0 
02-Jul-15,9.0 ,5.0 ,14.0 ,16.0 
03-Jul-15,9.0 ,5.0 ,14.0 ,19.0 
04-Jul-15,14.0 ,6.0 ,20.0 ,20.0 
05-Jul-15,11.0 ,7.0 ,18.0 ,17.0 
06-Jul-15,0.0 ,12.0 ,12.0 ,15.0 
07-Jul-15,10.0 ,5.0 ,15.0 ,15.0 
08-Jul-15,16.0 ,3.0 ,19.0 ,16.0 
09-Jul-15,8.0 ,5.0 ,13.0 ,17.0 
10-Jul-15,8.0 ,6.0 ,14.0 ,13.0 
11-Jul-15,10.0 ,8.0 ,18.0 ,16.0 
12-Jul-15,13.0 ,5.0 ,18.0 ,14.0 
19-Jul-15,24.0 ,36.0 ,60.0 ,18.0 
20-Jul-15,0.0 ,9.0 ,9.0 ,14.0 
21-Jul-15,9.0 ,5.0 ,14.0 ,15.0 
22-Jul-15,9.0 ,5.0 ,14.0 ,15.0 
23-Jul-15,15.0 ,5.0 ,20.0 ,15.0 
24-Jul-15,10.0 ,4.0 ,14.0 ,15.0 
25-Jul-15,8.0 ,6.0 ,14.0 ,15.0 
26-Jul-15,8.0 ,5.0 ,13.0 ,16.0 
27-Jul-15,0.0 ,20.0 ,20.0 ,16.0 
28-Jul-15,9.0 ,6.0 ,15.0 ,11.0 
31-Jul-15,16.0 ,11.0 ,27.0 ,15.0 
01-Aug-15,9.0 ,6.0 ,15.0 ,12.0 
02-Aug-15,15.0 ,5.0 ,20.0 ,13.0 
03-Aug-15,1.0 ,15.0 ,16.0 ,14.0 
04-Aug-15,9.0 ,5.0 ,14.0 ,13.0 
05-Aug-15,11.0 ,6.0 ,17.0 ,13.0 
06-Aug-15,8.0 ,5.0 ,13.0 ,16.0 
09-Aug-15,9.0 ,11.0 ,20.0 ,22.0 
10-Aug-15,1.0 ,9.0 ,10.0 ,16.0 
11-Aug-15,8.0 ,6.0 ,14.0 ,16.0 
12-Aug-15,8.0 ,4.0 ,12.0 ,17.0 
13-Aug-15,10.0 ,5.0 ,15.0 ,16.0 
14-Aug-15,7.0 ,5.0 ,12.0 ,11.0 
15-Aug-15,11.0 ,4.0 ,15.0 ,14.0 
16-Aug-15,8.0 ,4.0 ,12.0 ,11.0 
17-Aug-15,0.0 ,22.0 ,22.0 ,9.0 
18-Aug-15,8.0 ,5.0 ,13.0 ,10.0 
19-Aug-15,7.0 ,8.0 ,15.0 ,9.0 
20-Aug-15,2.0 ,5.0 ,7.0 ,10.0 
21-Aug-15,16.0 ,4.0 ,20.0 ,10.0 
22-Aug-15,10.0 ,5.0 ,15.0 ,11.0 
23-Aug-15,8.0 ,6.0 ,14.0 ,13.0 
24-Aug-15,1.0 ,19.0 ,20.0 ,14.0 
25-Aug-15,8.0 ,5.0 ,13.0 ,15.0 
26-Aug-15,10.0 ,5.0 ,15.0 ,18.0 
27-Aug-15,9.0 ,5.0 ,14.0 ,13.0 
28-Aug-15,8.0 ,5.0 ,13.0 ,17.0 
29-Aug-15,14.0 ,3.0 ,17.0 ,13.0 
30-Aug-15,8.0 ,6.0 ,14.0 ,12.0 
31-Aug-15,0.0 ,21.0 ,21.0 ,9.0 
01-Sep-15,10.0 ,5.0 ,15.0 ,11.0 
02-Sep-15,8.0 ,5.0 ,13.0 ,12.0 
03-Sep-15,8.0 ,4.0 ,12.0 ,12.0 
04-Sep-15,8.0 ,5.0 ,13.0 ,9.0 
05-Sep-15,11.0 ,8.0 ,19.0 ,13.0 
06-Sep-15,18.0 ,8.0 ,26.0 ,9.0 
07-Sep-15,0.0 ,23.0 ,23.0 ,12.0 
08-Sep-15,13.0 ,7.0 ,20.0 ,9.0 
09-Sep-15,12.0 ,8.0 ,20.0 ,7.0 
10-Sep-15,11.0 ,10.0 ,21.0 ,8.0 
11-Sep-15,9.0 ,9.0 ,18.0 ,8.0 
12-Sep-15,13.0 ,5.0 ,18.0 ,8.0 
13-Sep-15,10.0 ,6.0 ,16.0 ,8.0 
14-Sep-15,0.0 ,25.0 ,25.0 ,7.0 
15-Sep-15,13.0 ,8.0 ,21.0 ,9.0 
16-Sep-15,12.0 ,6.0 ,18.0 ,14.0 
17-Sep-15,14.0 ,6.0 ,20.0 ,14.0 
18-Sep-15,14.0 ,6.0 ,20.0 ,16.0 
19-Sep-15,19.0 ,7.0 ,26.0 ,14.0 
20-Sep-15,13.0 ,6.0 ,19.0 ,9.0 
21-Sep-15,0.0 ,19.0 ,19.0 ,11.0 
22-Sep-15,16.0 ,5.0 ,21.0 ,12.0 
23-Sep-15,12.0 ,8.0 ,20.0 ,12.0 
24-Sep-15,20.0 ,7.0 ,27.0 ,9.0 
25-Sep-15,11.0 ,7.0 ,18.0 ,10.0 
26-Sep-15,10.0 ,6.0 ,16.0 ,11.0 
27-Sep-15,20.0 ,9.0 ,29.0 ,5.0 
28-Sep-15,0.0 ,25.0 ,25.0 ,9.0 
29-Sep-15,13.0 ,8.0 ,21.0 ,5.0 
30-Sep-15,14.0 ,7.0 ,21.0 ,8.0 
01-Oct-15,16.0 ,7.0 ,23.0 ,10.0 
02-Oct-15,13.0 ,8.0 ,21.0 ,11.0 
03-Oct-15,14.0 ,8.0 ,22.0 ,7.0 
04-Oct-15,14.0 ,7.0 ,21.0 ,7.0 
05-Oct-15,5.0 ,34.0 ,39.0 ,4.0 
06-Oct-15,16.0 ,10.0 ,26.0 ,-3.0 
07-Oct-15,18.0 ,10.0 ,28.0 ,-4.0 
08-Oct-15,20.0 ,11.0 ,31.0 ,-4.0 
09-Oct-15,21.0 ,12.0 ,33.0 ,-5.0 
10-Oct-15,20.0 ,12.0 ,32.0 ,2.0 
11-Oct-15,22.0 ,16.0 ,38.0 ,-3.0 
12-Oct-15,1.0 ,42.0 ,43.0 ,0.0 
13-Oct-15,17.0 ,10.0 ,27.0 ,0.0 
14-Oct-15,21.0 ,12.0 ,33.0 ,4.0 
16-Oct-15,22.0 ,20.0 ,42.0 ,3.0 
17-Oct-15,20.0 ,10.0 ,30.0 ,-2.0 
18-Oct-15,25.0 ,13.0 ,38.0 ,5.0 
19-Oct-15,1.0 ,30.0 ,31.0 ,3.0 
20-Oct-15,17.0 ,9.0 ,26.0 ,4.0 
21-Oct-15,18.0 ,10.0 ,28.0 ,7.0 
22-Oct-15,19.0 ,9.0 ,28.0 ,8.0 
23-Oct-15,16.0 ,8.0 ,24.0 ,9.0 
24-Oct-15,19.0 ,8.0 ,27.0 ,5.0 
25-Oct-15,23.0 ,12.0 ,35.0 ,8.0 
26-Oct-15,0.0 ,30.0 ,30.0 ,6.0 
27-Oct-15,18.0 ,9.0 ,27.0 ,4.0 
28-Oct-15,22.0 ,12.0 ,34.0 ,-5.0 
29-Oct-15,23.0 ,14.0 ,37.0 ,-1.0 
30-Oct-15,22.0 ,13.0 ,35.0 ,-2.0 
31-Oct-15,25.0 ,12.0 ,37.0 ,0.0 
01-Nov-15,23.0 ,14.0 ,37.0 ,9.0 
02-Nov-15,0.0 ,33.0 ,33.0 ,8.0 
03-Nov-15,19.0 ,9.0 ,28.0 ,7.0 
04-Nov-15,17.0 ,9.0 ,26.0 ,8.0 
05-Nov-15,21.0 ,9.0 ,30.0 ,1.0 
06-Nov-15,19.0 ,11.0 ,30.0 ,2.0 
07-Nov-15,21.0 ,10.0 ,31.0 ,7.0 
08-Nov-15,25.0 ,12.0 ,37.0 ,8.0 
09-Nov-15,0.0 ,33.0 ,33.0 ,5.0 
10-Nov-15,21.0 ,10.0 ,31.0 ,5.0 
11-Nov-15,28.0 ,11.0 ,39.0 ,4.0 
12-Nov-15,12.0 ,12.0 ,24.0 ,-1.0 
13-Nov-15,21.0 ,12.0 ,33.0 ,3.0 
14-Nov-15,23.0 ,11.0 ,34.0 ,6.0 
15-Nov-15,21.0 ,12.0 ,33.0 ,4.0 
16-Nov-15,1.0 ,31.0 ,32.0 ,5.0 
18-Nov-15,59.0 ,20.0 ,79.0 ,5.0 
19-Nov-15,20.0 ,11.0 ,31.0 ,3.0 
20-Nov-15,21.0 ,11.0 ,32.0 ,4.0 
21-Nov-15,27.0 ,13.0 ,40.0 ,1.0 
22-Nov-15,27.0 ,14.0 ,41.0 ,0.0 
23-Nov-15,1.0 ,45.0 ,46.0 ,-2.0 
24-Nov-15,25.0 ,14.0 ,39.0 ,-4.0 
25-Nov-15,29.0 ,10.0 ,39.0 ,5.0 
26-Nov-15,22.0 ,13.0 ,35.0 ,2.0 
27-Nov-15,21.0 ,12.0 ,33.0 ,6.0 
28-Nov-15,27.0 ,12.0 ,39.0 ,6.0 
29-Nov-15,23.0 ,15.0 ,38.0 ,4.0 
30-Nov-15,1.0 ,41.0 ,42.0 ,4.0 
01-Dec-15,24.0 ,11.0 ,35.0 ,2.0 
02-Dec-15,30.0 ,13.0 ,43.0 ,0.0 
03-Dec-15,26.0 ,13.0 ,39.0 ,3.0 
04-Dec-15,23.0 ,12.0 ,35.0 ,-1.0 
05-Dec-15,24.0 ,11.0 ,35.0 ,3.0 
06-Dec-15,29.0 ,10.0 ,39.0 ,8.0 
07-Dec-15,1.0 ,35.0 ,36.0 ,4.0 
08-Dec-15,26.0 ,13.0 ,39.0 ,1.0 
09-Dec-15,24.0 ,11.0 ,35.0 ,6.0 
10-Dec-15,26.0 ,13.0 ,39.0 ,3.0 
11-Dec-15,24.0 ,12.0 ,36.0 ,5.0 
12-Dec-15,22.0 ,15.0 ,37.0 ,-2.0 
13-Dec-15,29.0 ,13.0 ,42.0 ,1.0 
17-Dec-15,52.0 ,60.0 ,112.0 ,1.0 
18-Dec-15,29.0 ,17.0 ,46.0 ,3.0 
19-Dec-15,25.0 ,13.0 ,38.0 ,6.0 
20-Dec-15,30.0 ,15.0 ,45.0 ,7.0 
21-Dec-15,4.0 ,36.0 ,40.0 ,8.0 
22-Dec-15,23.0 ,11.0 ,34.0 ,6.0 
23-Dec-15,25.0 ,12.0 ,37.0 ,6.0 
25-Dec-15,49.0 ,22.0 ,71.0 ,6.0 
26-Dec-15,35.0 ,12.0 ,47.0 ,3.0 
27-Dec-15,25.0 ,18.0 ,43.0 ,-7.0 
28-Dec-15,3.0 ,46.0 ,49.0 ,-10.0 
29-Dec-15,30.0 ,21.0 ,51.0 ,-10.0 
30-Dec-15,35.0 ,20.0 ,55.0 ,-5.0 
31-Dec-15,37.0 ,16.0 ,53.0 ,-1.0 
02-Jan-16,48.0 ,31.0 ,79.0 ,-7.0 
03-Jan-16,28.0 ,23.0 ,51.0 ,-9.0 
04-Jan-16,3.0 ,49.0 ,52.0 ,-13.0 
05-Jan-16,41.0 ,23.0 ,64.0 ,-21.0 
06-Jan-16,49.0 ,30.0 ,79.0 ,-21.0 
07-Jan-16,60.0 ,31.0 ,91.0 ,-25.0 
08-Jan-16,56.0 ,34.0 ,90.0 ,-27.0 
09-Jan-16,69.0 ,33.0 ,102.0 ,-12.0 
10-Jan-16,41.0 ,32.0 ,73.0 ,-14.0 
11-Jan-16,5.0 ,70.0 ,75.0 ,-7.0 
12-Jan-16,41.0 ,23.0 ,64.0 ,-9.0 
13-Jan-16,36.0 ,23.0 ,59.0 ,-10.0 
14-Jan-16,41.0 ,23.0 ,64.0 ,-14.0 
15-Jan-16,37.0 ,24.0 ,61.0 ,-14.0 
16-Jan-16,44.0 ,22.0 ,66.0 ,-17.0 
17-Jan-16,41.0 ,30.0 ,71.0 ,-10.0 
18-Jan-16,0.0 ,64.0 ,64.0 ,-15.0 
19-Jan-16,40.0 ,24.0 ,64.0 ,-12.0 
20-Jan-16,36.0 ,25.0 ,61.0 ,-16.0 
21-Jan-16,46.0 ,26.0 ,72.0 ,-17.0 
22-Jan-16,44.0 ,29.0 ,73.0 ,-24.0 
23-Jan-16,62.0 ,31.0 ,93.0 ,-7.0 
24-Jan-16,33.0 ,23.0 ,56.0 ,-3.0 
25-Jan-16,0.0 ,41.0 ,41.0 ,-3.0 
26-Jan-16,22.0 ,18.0 ,40.0 ,-1.0 
27-Jan-16,26.0 ,14.0 ,40.0 ,1.0 
28-Jan-16,25.0 ,13.0 ,38.0 ,2.0 
29-Jan-16,23.0 ,13.0 ,36.0 ,-1.0 
30-Jan-16,28.0 ,11.0 ,39.0 ,2.0 
31-Jan-16,22.0 ,14.0 ,36.0 ,-1.0 
01-Feb-16,0.0 ,38.0 ,38.0 ,1.0 
02-Feb-16,27.0 ,12.0 ,39.0 ,0.0 
03-Feb-16,26.0 ,13.0 ,39.0 ,-1.0 
04-Feb-16,30.0 ,14.0 ,44.0 ,-3.0 
05-Feb-16,23.0 ,15.0 ,38.0 ,-1.0 
06-Feb-16,26.0 ,16.0 ,42.0 ,-7.0 
07-Feb-16,22.0 ,15.0 ,37.0 ,2.0 
08-Feb-16,2.0 ,47.0 ,49.0 ,1.0 
09-Feb-16,25.0 ,13.0 ,38.0 ,2.0 
10-Feb-16,20.0 ,11.0 ,31.0 ,2.0 
11-Feb-16,21.0 ,13.0 ,34.0 ,2.0 
12-Feb-16,32.0 ,12.0 ,44.0 ,0.0 
13-Feb-16,25.0 ,14.0 ,39.0 ,0.0 
15-Feb-16,20.0 ,63.0 ,83.0 ,0.0 
16-Feb-16,23.0 ,14.0 ,37.0 ,-7.0 
17-Feb-16,24.0 ,14.0 ,38.0 ,-6.0 
18-Feb-16,24.0 ,15.0 ,39.0 ,-2.0 
19-Feb-16,29.0 ,12.0 ,41.0 ,0.0 
27-Feb-16,116.0 ,105.0 ,221.0 ,-7.0 
28-Feb-16,25.0 ,10.0 ,35.0 ,-1.0 
29-Feb-16,1.0 ,49.0 ,50.0 ,-8.0 
01-Mar-16,26.0 ,16.0 ,42.0 ,-8.0 
02-Mar-16,25.0 ,16.0 ,41.0 ,-8.0 
03-Mar-16,24.0 ,14.0 ,38.0 ,-4.0 
04-Mar-16,26.0 ,15.0 ,41.0 ,-1.0 
05-Mar-16,25.0 ,12.0 ,37.0 ,-1.0 
06-Mar-16,21.0 ,15.0 ,36.0 ,0.0 
07-Mar-16,0.0 ,39.0 ,39.0 ,0.0 
08-Mar-16,23.0 ,13.0 ,36.0 ,0.0 
09-Mar-16,23.0 ,13.0 ,36.0 ,1.0 
10-Mar-16,22.0 ,13.0 ,35.0 ,1.0 
11-Mar-16,22.0 ,15.0 ,37.0 ,-1.0 
12-Mar-16,21.0 ,16.0 ,37.0 ,-5.0 
13-Mar-16,22.0 ,18.0 ,40.0 ,-2.0 
14-Mar-16,1.0 ,49.0 ,50.0 ,-1.0 
15-Mar-16,22.0 ,12.0 ,34.0 ,0.0 
16-Mar-16,31.0 ,14.0 ,45.0 ,1.0 
17-Mar-16,17.0 ,10.0 ,27.0 ,0.0 
18-Mar-16,15.0 ,13.0 ,28.0 ,-3.0 
19-Mar-16,24.0 ,17.0 ,41.0 ,-4.0 
20-Mar-16,18.0 ,16.0 ,34.0 ,-7.0 
21-Mar-16,0.0 ,43.0 ,43.0 ,-3.0 
22-Mar-16,21.0 ,15.0 ,36.0 ,-9.0 
23-Mar-16,29.0 ,17.0 ,46.0 ,-5.0 
24-Mar-16,19.0 ,12.0 ,31.0 ,-2.0 
25-Mar-16,19.0 ,11.0 ,30.0 ,1.0 
26-Mar-16,29.0 ,11.0 ,40.0 ,1.0 
27-Mar-16,20.0 ,12.0 ,32.0 ,2.0 
28-Mar-16,1.0 ,29.0 ,30.0 ,0.0 
29-Mar-16,23.0 ,10.0 ,33.0 ,-1.0 
30-Mar-16,17.0 ,10.0 ,27.0 ,1.0 
31-Mar-16,18.0 ,9.0 ,27.0 ,-1.0 
01-Apr-16,18.0 ,12.0 ,30.0 ,1.0 
02-Apr-16,23.0 ,12.0 ,35.0 ,0.0 
03-Apr-16,13.0 ,10.0 ,23.0 ,2.0 
04-Apr-16,0.0 ,38.0 ,38.0 ,-3.0 
05-Apr-16,19.0 ,11.0 ,30.0 ,1.0 
06-Apr-16,15.0 ,11.0 ,26.0 ,4.0 
07-Apr-16,17.0 ,10.0 ,27.0 ,5.0 
08-Apr-16,17.0 ,9.0 ,26.0 ,4.0 
09-Apr-16,19.0 ,11.0 ,30.0 ,4.0 
10-Apr-16,18.0 ,10.0 ,28.0 ,0.0 
11-Apr-16,0.0 ,38.0 ,38.0 ,-1.0 
12-Apr-16,15.0 ,11.0 ,26.0 ,-1.0 
13-Apr-16,22.0 ,11.0 ,33.0 ,-1.0 
14-Apr-16,12.0 ,12.0 ,24.0 ,0.0 
15-Apr-16,20.0 ,12.0 ,32.0 ,0.0 
16-Apr-16,15.0 ,11.0 ,26.0 ,3.0 
17-Apr-16,15.0 ,11.0 ,26.0 ,7.0 
18-Apr-16,0.0 ,35.0 ,35.0 ,4.0 
19-Apr-16,17.0 ,11.0 ,28.0 ,5.0 
20-Apr-16,18.0 ,9.0 ,27.0 ,9.0 
21-Apr-16,15.0 ,12.0 ,27.0 ,2.0 
22-Apr-16,16.0 ,9.0 ,25.0 ,-1.0 
23-Apr-16,19.0 ,19.0 ,38.0 ,-1.0 
24-Apr-16,25.0 ,12.0 ,37.0 ,-2.0 
25-Apr-16,0.0 ,30.0 ,30.0 ,3.0 
26-Apr-16,18.0 ,11.0 ,29.0 ,2.0 
27-Apr-16,17.0 ,10.0 ,27.0 ,4.0 
28-Apr-16,18.0 ,8.0 ,26.0 ,2.0 
29-Apr-16,15.0 ,8.0 ,23.0 ,4.0 
30-Apr-16,16.0 ,12.0 ,28.0 ,3.0 
01-May-16,20.0 ,9.0 ,29.0 ,3.0 
02-May-16,0.0 ,23.0 ,23.0 ,7.0 
03-May-16,20.0 ,9.0 ,29.0 ,8.0 
04-May-16,10.0 ,8.0 ,18.0 ,8.0 
05-May-16,11.0 ,8.0 ,19.0 ,11.0 
06-May-16,20.0 ,7.0 ,27.0 ,13.0 
07-May-16,13.0 ,8.0 ,21.0 ,7.0 
08-May-16,14.0 ,7.0 ,21.0 ,12.0 
09-May-16,0.0 ,25.0 ,25.0 ,11.0 
10-May-16,12.0 ,7.0 ,19.0 ,12.0 
11-May-16,10.0 ,5.0 ,15.0 ,12.0 
12-May-16,12.0 ,8.0 ,20.0 ,9.0 
13-May-16,11.0 ,8.0 ,19.0 ,10.0 
14-May-16,24.0 ,7.0 ,31.0 ,11.0 
15-May-16,21.0 ,9.0 ,30.0 ,12.0 
16-May-16,0.0 ,18.0 ,18.0 ,11.0 
17-May-16,10.0 ,8.0 ,18.0 ,10.0 
18-May-16,11.0 ,9.0 ,20.0 ,9.0 
19-May-16,11.0 ,9.0 ,20.0 ,8.0 
20-May-16,10.0 ,6.0 ,16.0 ,8.0 
21-May-16,10.0 ,5.0 ,15.0 ,13.0 
22-May-16,14.0 ,6.0 ,20.0 ,12.0 
24-May-16,5.0 ,16.0 ,21.0 ,12.0 
25-May-16,11.0 ,6.0 ,17.0 ,13.0 
26-May-16,8.0 ,6.0 ,14.0 ,16.0 
27-May-16,11.0 ,5.0 ,16.0 ,12.0 
28-May-16,11.0 ,4.0 ,15.0 ,13.0 
29-May-16,17.0 ,4.0 ,21.0 ,12.0 
30-May-16,1.0 ,13.0 ,14.0 ,14.0 
31-May-16,10.0 ,4.0 ,14.0 ,16.0 
01-Jun-16,9.0 ,4.0 ,13.0 ,14.0 
02-Jun-16,9.0 ,3.0 ,12.0 ,15.0 
03-Jun-16,15.0 ,3.0 ,18.0 ,15.0 
04-Jun-16,14.0 ,4.0 ,18.0 ,12.0 
05-Jun-16,9.0 ,4.0 ,13.0 ,8.0 
06-Jun-16,17.0 ,4.0 ,21.0 ,8.0 
07-Jun-16,11.0 ,4.0 ,15.0 ,9.0 
08-Jun-16,12.0 ,5.0 ,17.0 ,13.0 
09-Jun-16,19.0 ,5.0 ,24.0 ,9.0 
10-Jun-16,11.0 ,6.0 ,17.0 ,9.0 
11-Jun-16,12.0 ,6.0 ,18.0 ,9.0 
12-Jun-16,12.0 ,5.0 ,17.0 ,10.0 
13-Jun-16,17.0 ,6.0 ,23.0 ,11.0 
14-Jun-16,12.0 ,4.0 ,16.0 ,10.0 
17-Jun-16,21.0 ,13.0 ,34.0 ,14.0 
18-Jun-16,16.0 ,3.0 ,19.0 ,17.0 
19-Jun-16,12.0 ,3.0 ,15.0 ,13.0 
20-Jun-16,15.0 ,2.0 ,17.0 ,14.0 
21-Jun-16,15.0 ,3.0 ,18.0 ,15.0 
22-Jun-16,13.0 ,4.0 ,17.0 ,14.0 
07-Jul-16,66.0 ,39.0 ,105.0 ,13.0 
08-Jul-16,17.0 ,5.0 ,22.0 ,13.0 
09-Jul-16,11.0 ,4.0 ,15.0 ,12.0 
10-Jul-16,8.0 ,5.0 ,13.0 ,17.0 
11-Jul-16,8.0 ,2.0 ,10.0 ,14.0 
12-Jul-16,12.0 ,3.0 ,15.0 ,17.0 
13-Jul-16,12.0 ,5.0 ,17.0 ,18.0 
14-Jul-16,10.0 ,3.0 ,13.0 ,17.0 
15-Jul-16,9.0 ,3.0 ,12.0 ,15.0 
16-Jul-16,14.0 ,3.0 ,17.0 ,16.0 
17-Jul-16,12.0 ,3.0 ,15.0 ,16.0 
18-Jul-16,16.0 ,3.0 ,19.0 ,15.0 
19-Jul-16,11.0 ,3.0 ,14.0 ,14.0 
20-Jul-16,11.0 ,3.0 ,14.0 ,14.0 
23-Jul-16,19.0 ,10.0 ,29.0 ,17.0 
24-Jul-16,12.0 ,2.0 ,14.0 ,18.0 
25-Jul-16,10.0 ,4.0 ,14.0 ,20.0 
26-Jul-16,13.0 ,4.0 ,17.0 ,18.0 
27-Jul-16,13.0 ,5.0 ,18.0 ,19.0 
28-Jul-16,11.0 ,5.0 ,16.0 ,16.0 
29-Jul-16,14.0 ,3.0 ,17.0 ,17.0 
30-Jul-16,15.0 ,4.0 ,19.0 ,17.0 
03-Aug-16,19.0 ,12.0 ,31.0 ,15.0 
06-Aug-16,23.0 ,10.0 ,33.0 ,17.0 
07-Aug-16,19.0 ,5.0 ,24.0 ,17.0 
08-Aug-16,11.0 ,5.0 ,16.0 ,16.0 
09-Aug-16,12.0 ,5.0 ,17.0 ,17.0 
10-Aug-16,11.0 ,3.0 ,14.0 ,13.0 
11-Aug-16,13.0 ,5.0 ,18.0 ,14.0 
12-Aug-16,16.0 ,5.0 ,21.0 ,10.0 
13-Aug-16,8.0 ,4.0 ,12.0 ,14.0 
14-Aug-16,20.0 ,4.0 ,24.0 ,15.0 
15-Aug-16,12.0 ,5.0 ,17.0 ,10.0 
16-Aug-16,18.0 ,3.0 ,21.0 ,15.0 
17-Aug-16,22.0 ,5.0 ,27.0 ,13.0 
18-Aug-16,14.0 ,3.0 ,17.0 ,14.0 
19-Aug-16,11.0 ,4.0 ,15.0 ,15.0 
20-Aug-16,11.0 ,5.0 ,16.0 ,13.0 
21-Aug-16,22.0 ,5.0 ,27.0 ,14.0 
22-Aug-16,15.0 ,4.0 ,19.0 ,18.0 
23-Aug-16,10.0 ,10.0 ,20.0 ,15.0 
24-Aug-16,18.0 ,5.0 ,23.0 ,12.0 
25-Aug-16,17.0 ,6.0 ,23.0 ,12.0 
26-Aug-16,25.0 ,3.0 ,28.0 ,16.0 
27-Aug-16,19.0 ,5.0 ,24.0 ,16.0 
28-Aug-16,12.0 ,6.0 ,18.0 ,11.0 
29-Aug-16,24.0 ,4.0 ,28.0 ,13.0 
30-Aug-16,20.0 ,6.0 ,26.0 ,12.0 
31-Aug-16,18.0 ,5.0 ,23.0 ,8.0 
01-Sep-16,12.0 ,6.0 ,18.0 ,16.0 
02-Sep-16,13.0 ,4.0 ,17.0 ,12.0 
03-Sep-16,16.0 ,5.0 ,21.0 ,8.0 
04-Sep-16,26.0 ,8.0 ,34.0 ,13.0 
05-Sep-16,20.0 ,5.0 ,25.0 ,12.0 
06-Sep-16,14.0 ,5.0 ,19.0 ,7.0 
07-Sep-16,13.0 ,7.0 ,20.0 ,16.0 
08-Sep-16,8.0 ,5.0 ,13.0 ,12.0 
09-Sep-16,15.0 ,7.0 ,22.0 ,7.0 
10-Sep-16,18.0 ,5.0 ,23.0 ,11.0 
12-Sep-16,28.0 ,8.0 ,36.0 ,14.0 
13-Sep-16,11.0 ,5.0 ,16.0 ,8.0 
14-Sep-16,13.0 ,6.0 ,19.0 ,6.0 
15-Sep-16,13.0 ,5.0 ,18.0 ,9.0 
16-Sep-16,14.0 ,5.0 ,19.0 ,7.0 
17-Sep-16,13.0 ,6.0 ,19.0 ,9.0 
18-Sep-16,23.0 ,7.0 ,30.0 ,7.0 
19-Sep-16,19.0 ,7.0 ,26.0 ,6.0 
20-Sep-16,15.0 ,7.0 ,22.0 ,5.0 
21-Sep-16,15.0 ,8.0 ,23.0 ,4.0 
22-Sep-16,27.0 ,8.0 ,35.0 ,7.0 
23-Sep-16,17.0 ,9.0 ,26.0 ,4.0 
24-Sep-16,17.0 ,8.0 ,25.0 ,7.0 
25-Sep-16,26.0 ,7.0 ,33.0 ,9.0 
26-Sep-16,22.0 ,7.0 ,29.0 ,9.0 
27-Sep-16,13.0 ,6.0 ,19.0 ,10.0 
28-Sep-16,16.0 ,7.0 ,23.0 ,12.0 
29-Sep-16,17.0 ,7.0 ,24.0 ,9.0 
30-Sep-16,18.0 ,5.0 ,23.0 ,12.0 
01-Oct-16,29.0 ,6.0 ,35.0 ,8.0 
02-Oct-16,15.0 ,8.0 ,23.0 ,2.0 
03-Oct-16,19.0 ,8.0 ,27.0 ,2.0 
04-Oct-16,16.0 ,8.0 ,24.0 ,3.0 
05-Oct-16,17.0 ,9.0 ,26.0 ,3.0 
06-Oct-16,24.0 ,8.0 ,32.0 ,2.0 
07-Oct-16,17.0 ,10.0 ,27.0 ,2.0 
08-Oct-16,22.0 ,8.0 ,30.0 ,6.0 
09-Oct-16,30.0 ,8.0 ,38.0 ,6.0 
10-Oct-16,22.0 ,10.0 ,32.0 ,4.0 
11-Oct-16,19.0 ,8.0 ,27.0 ,5.0 
12-Oct-16,19.0 ,9.0 ,28.0 ,4.0 
13-Oct-16,30.0 ,10.0 ,40.0 ,1.0 
14-Oct-16,22.0 ,9.0 ,31.0 ,2.0 
15-Oct-16,21.0 ,10.0 ,31.0 ,3.0 
16-Oct-16,32.0 ,9.0 ,41.0 ,5.0 
17-Oct-16,25.0 ,9.0 ,34.0 ,4.0 
18-Oct-16,28.0 ,8.0 ,36.0 ,4.0 
19-Oct-16,19.0 ,8.0 ,27.0 ,-2.0 
20-Oct-16,23.0 ,10.0 ,33.0 ,-2.0 
21-Oct-16,21.0 ,8.0 ,29.0 ,4.0 
22-Oct-16,22.0 ,10.0 ,32.0 ,3.0 
23-Oct-16,30.0 ,11.0 ,41.0 ,5.0 
24-Oct-16,17.0 ,9.0 ,26.0 ,4.0 
25-Oct-16,25.0 ,11.0 ,36.0 ,4.0 
26-Oct-16,30.0 ,10.0 ,40.0 ,1.0 
27-Oct-16,22.0 ,10.0 ,32.0 ,2.0 
28-Oct-16,22.0 ,9.0 ,31.0 ,8.0 
29-Oct-16,24.0 ,11.0 ,35.0 ,3.0 
30-Oct-16,20.0 ,10.0 ,30.0 ,3.0 
31-Oct-16,32.0 ,10.0 ,42.0 ,1.0 
01-Nov-16,21.0 ,10.0 ,31.0 ,-2.0 
02-Nov-16,22.0 ,10.0 ,32.0 ,0.0 
03-Nov-16,25.0 ,12.0 ,37.0 ,-3.0 
04-Nov-16,24.0 ,14.0 ,38.0 ,-3.0 
05-Nov-16,31.0 ,15.0 ,46.0 ,-5.0 
06-Nov-16,37.0 ,15.0 ,52.0 ,-7.0 
07-Nov-16,32.0 ,13.0 ,45.0 ,-5.0 
08-Nov-16,29.0 ,14.0 ,43.0 ,-7.0 
09-Nov-16,30.0 ,17.0 ,47.0 ,-5.0 
10-Nov-16,47.0 ,13.0 ,60.0 ,-3.0 
11-Nov-16,32.0 ,16.0 ,48.0 ,-11.0 
12-Nov-16,37.0 ,17.0 ,54.0 ,-7.0 
13-Nov-16,41.0 ,13.0 ,54.0 ,-1.0 
14-Nov-16,32.0 ,12.0 ,44.0 ,-5.0 
15-Nov-16,28.0 ,12.0 ,40.0 ,-2.0 
16-Nov-16,28.0 ,12.0 ,40.0 ,1.0 
17-Nov-16,24.0 ,10.0 ,34.0 ,2.0 
18-Nov-16,38.0 ,11.0 ,49.0 ,3.0 
19-Nov-16,29.0 ,10.0 ,39.0 ,5.0 
20-Nov-16,29.0 ,10.0 ,39.0 ,4.0 
21-Nov-16,26.0 ,8.0 ,34.0 ,5.0 
22-Nov-16,27.0 ,8.0 ,35.0 ,5.0 
23-Nov-16,24.0 ,8.0 ,32.0 ,4.0 
24-Nov-16,29.0 ,10.0 ,39.0 ,6.0 
25-Nov-16,35.0 ,12.0 ,47.0 ,0.0 
26-Nov-16,24.0 ,12.0 ,36.0 ,4.0 
27-Nov-16,33.0 ,13.0 ,46.0 ,0.0 
28-Nov-16,19.0 ,15.0 ,34.0 ,-7.0 
29-Nov-16,37.0 ,14.0 ,51.0 ,-10.0 
30-Nov-16,32.0 ,12.0 ,44.0 ,1.0 
01-Dec-16,30.0 ,13.0 ,43.0 ,-2.0 
02-Dec-16,38.0 ,12.0 ,50.0 ,-4.0 
03-Dec-16,28.0 ,14.0 ,42.0 ,-3.0 
04-Dec-16,33.0 ,15.0 ,48.0 ,-10.0 
05-Dec-16,40.0 ,10.0 ,50.0 ,4.0 
06-Dec-16,31.0 ,15.0 ,46.0 ,-9.0 
07-Dec-16,39.0 ,15.0 ,54.0 ,-4.0 
08-Dec-16,31.0 ,11.0 ,42.0 ,1.0 
09-Dec-16,29.0 ,11.0 ,40.0 ,2.0 
10-Dec-16,31.0 ,13.0 ,44.0 ,-6.0 
11-Dec-16,43.0 ,16.0 ,59.0 ,-11.0 
12-Dec-16,31.0 ,16.0 ,47.0 ,-11.0 
13-Dec-16,41.0 ,13.0 ,54.0 ,-3.0 
14-Dec-16,30.0 ,12.0 ,42.0 ,-1.0 
17-Dec-16,103.0 ,38.0 ,141.0 ,-4.0 
28-Dec-16,187.0 ,101.0 ,288.0 ,-1.0 
29-Dec-16,34.0 ,16.0 ,50.0 ,-1.0 
30-Dec-16,27.0 ,19.0 ,46.0 ,3.0 
31-Dec-16,25.0 ,11.0 ,36.0 ,5.0 
01-Jan-17,34.0 ,12.0 ,46.0 ,-1.0 
02-Jan-17,22.0 ,13.0 ,35.0 ,-4.0 
03-Jan-17,27.0 ,12.0 ,39.0 ,-7.0 
04-Jan-17,43.0 ,16.0 ,59.0 ,-11.0 
05-Jan-17,42.0 ,20.0 ,62.0 ,-20.0 
06-Jan-17,80.0 ,26.0 ,106.0 ,-23.0 
07-Jan-17,56.0 ,21.0 ,77.0 ,-7.0 
08-Jan-17,34.0 ,15.0 ,49.0 ,-1.0 
09-Jan-17,34.0 ,12.0 ,46.0 ,-1.0 
10-Jan-17,27.0 ,10.0 ,37.0 ,2.0 
11-Jan-17,19.0 ,10.0 ,29.0 ,-1.0 
12-Jan-17,26.0 ,13.0 ,39.0 ,-4.0 
13-Jan-17,28.0 ,15.0 ,43.0 ,0.0 
14-Jan-17,36.0 ,11.0 ,47.0 ,0.0 
15-Jan-17,32.0 ,11.0 ,43.0 ,-2.0 
16-Jan-17,34.0 ,14.0 ,48.0 ,-5.0 
17-Jan-17,26.0 ,13.0 ,39.0 ,-5.0 
18-Jan-17,28.0 ,11.0 ,39.0 ,0.0 
20-Jan-17,58.0 ,22.0 ,80.0 ,-3.0 
21-Jan-17,28.0 ,11.0 ,39.0 ,-4.0 
22-Jan-17,36.0 ,10.0 ,46.0 ,-1.0 
23-Jan-17,32.0 ,12.0 ,44.0 ,-1.0 
24-Jan-17,24.0 ,12.0 ,36.0 ,-1.0 
25-Jan-17,28.0 ,16.0 ,44.0 ,-6.0 
26-Jan-17,32.0 ,12.0 ,44.0 ,1.0 
27-Jan-17,32.0 ,11.0 ,43.0 ,0.0 
28-Jan-17,26.0 ,12.0 ,38.0 ,0.0 
29-Jan-17,26.0 ,13.0 ,39.0 ,2.0 
30-Jan-17,36.0 ,10.0 ,46.0 ,0.0 
31-Jan-17,26.0 ,10.0 ,36.0 ,0.0 
01-Feb-17,26.0 ,12.0 ,38.0 ,-1.0 
02-Feb-17,25.0 ,11.0 ,36.0 ,0.0 
03-Feb-17,27.0 ,13.0 ,40.0 ,-1.0 
04-Feb-17,30.0 ,11.0 ,41.0 ,0.0 
05-Feb-17,24.0 ,10.0 ,34.0 ,-1.0 
06-Feb-17,33.0 ,12.0 ,45.0 ,-6.0 
07-Feb-17,40.0 ,18.0 ,58.0 ,-16.0 
08-Feb-17,46.0 ,19.0 ,65.0 ,-14.0 
09-Feb-17,35.0 ,18.0 ,53.0 ,-15.0 
10-Feb-17,39.0 ,18.0 ,57.0 ,-9.0 
11-Feb-17,34.0 ,20.0 ,54.0 ,-8.0 
12-Feb-17,34.0 ,15.0 ,49.0 ,-5.0 
13-Feb-17,40.0 ,13.0 ,53.0 ,-2.0 
14-Feb-17,24.0 ,13.0 ,37.0 ,2.0 
15-Feb-17,23.0 ,11.0 ,34.0 ,-4.0 
16-Feb-17,20.0 ,10.0 ,30.0 ,-1.0 
17-Feb-17,23.0 ,10.0 ,33.0 ,1.0 
18-Feb-17,27.0 ,13.0 ,40.0 ,-1.0 
20-Feb-17,36.0 ,23.0 ,59.0 ,1.0 
21-Feb-17,26.0 ,13.0 ,39.0 ,-2.0 
22-Feb-17,34.0 ,16.0 ,50.0 ,-12.0 
23-Feb-17,27.0 ,13.0 ,40.0 ,0.0 
24-Feb-17,25.0 ,17.0 ,42.0 ,-7.0 
25-Feb-17,31.0 ,14.0 ,45.0 ,-9.0 
26-Feb-17,28.0 ,15.0 ,43.0 ,-6.0 
27-Feb-17,35.0 ,15.0 ,50.0 ,-6.0 
28-Feb-17,29.0 ,14.0 ,43.0 ,1.0 
01-Mar-17,20.0 ,9.0 ,29.0 ,2.0 
02-Mar-17,20.0 ,11.0 ,31.0 ,1.0 
03-Mar-17,22.0 ,13.0 ,35.0 ,1.0 
04-Mar-17,26.0 ,12.0 ,38.0 ,-1.0 
05-Mar-17,31.0 ,16.0 ,47.0 ,-7.0 
06-Mar-17,32.0 ,15.0 ,47.0 ,-9.0 
07-Mar-17,30.0 ,14.0 ,44.0 ,-5.0 
08-Mar-17,28.0 ,13.0 ,41.0 ,-1.0 
09-Mar-17,32.0 ,11.0 ,43.0 ,-1.0 
10-Mar-17,27.0 ,13.0 ,40.0 ,-1.0 
11-Mar-17,25.0 ,11.0 ,36.0 ,1.0 
12-Mar-17,29.0 ,14.0 ,43.0 ,-5.0 
13-Mar-17,30.0 ,11.0 ,41.0 ,0.0 
14-Mar-17,24.0 ,11.0 ,35.0 ,0.0 
15-Mar-17,24.0 ,11.0 ,35.0 ,2.0 
16-Mar-17,20.0 ,11.0 ,31.0 ,-1.0 
17-Mar-17,28.0 ,12.0 ,40.0 ,1.0 
18-Mar-17,25.0 ,10.0 ,35.0 ,1.0 
20-Mar-17,39.0 ,23.0 ,62.0 ,-4.0 
21-Mar-17,24.0 ,10.0 ,34.0 ,1.0 
22-Mar-17,24.0 ,11.0 ,35.0 ,2.0 
23-Mar-17,22.0 ,12.0 ,34.0 ,-1.0 
24-Mar-17,16.0 ,12.0 ,28.0 ,-3.0 
25-Mar-17,27.0 ,12.0 ,39.0 ,0.0 
26-Mar-17,37.0 ,10.0 ,47.0 ,-1.0 
27-Mar-17,26.0 ,10.0 ,36.0 ,1.0 
28-Mar-17,19.0 ,11.0 ,30.0 ,0.0 
29-Mar-17,26.0 ,13.0 ,39.0 ,-4.0 
30-Mar-17,21.0 ,11.0 ,32.0 ,-6.0 
31-Mar-17,22.0 ,11.0 ,33.0 ,-1.0 
01-Apr-17,24.0 ,13.0 ,37.0 ,-3.0 
02-Apr-17,26.0 ,10.0 ,36.0 ,4.0 
03-Apr-17,20.0 ,9.0 ,29.0 ,4.0 
04-Apr-17,24.0 ,10.0 ,34.0 ,2.0 
05-Apr-17,26.0 ,12.0 ,38.0 ,3.0 
06-Apr-17,19.0 ,10.0 ,29.0 ,-2.0 
07-Apr-17,18.0 ,10.0 ,28.0 ,1.0 
08-Apr-17,23.0 ,12.0 ,35.0 ,-1.0 
09-Apr-17,28.0 ,10.0 ,38.0 ,1.0 
10-Apr-17,20.0 ,8.0 ,28.0 ,3.0 
11-Apr-17,19.0 ,10.0 ,29.0 ,2.0 
12-Apr-17,22.0 ,12.0 ,34.0 ,-2.0 
13-Apr-17,20.0 ,10.0 ,30.0 ,0.0 
14-Apr-17,21.0 ,12.0 ,33.0 ,-2.0 
15-Apr-17,30.0 ,13.0 ,43.0 ,-3.0 
16-Apr-17,23.0 ,12.0 ,35.0 ,-3.0 
17-Apr-17,28.0 ,12.0 ,40.0 ,-1.0 
18-Apr-17,34.0 ,12.0 ,46.0 ,-3.0 
19-Apr-17,20.0 ,12.0 ,32.0 ,-5.0 
20-Apr-17,19.0 ,11.0 ,30.0 ,-3.0 
21-Apr-17,19.0 ,10.0 ,29.0 ,4.0 
22-Apr-17,24.0 ,12.0 ,36.0 ,1.0 
23-Apr-17,28.0 ,9.0 ,37.0 ,1.0 
24-Apr-17,21.0 ,10.0 ,31.0 ,-2.0 
25-Apr-17,18.0 ,11.0 ,29.0 ,2.0 
26-Apr-17,20.0 ,10.0 ,30.0 ,2.0 
27-Apr-17,19.0 ,12.0 ,31.0 ,3.0 
28-Apr-17,22.0 ,11.0 ,33.0 ,1.0 
29-Apr-17,19.0 ,11.0 ,30.0 ,2.0 
30-Apr-17,32.0 ,10.0 ,42.0 ,1.0 
01-May-17,21.0 ,12.0 ,33.0 ,5.0 
02-May-17,14.0 ,10.0 ,24.0 ,7.0 
03-May-17,18.0 ,9.0 ,27.0 ,7.0 
04-May-17,18.0 ,8.0 ,26.0 ,1.0 
05-May-17,15.0 ,9.0 ,24.0 ,3.0 
06-May-17,22.0 ,7.0 ,29.0 ,10.0 
07-May-17,17.0 ,8.0 ,25.0 ,14.0 
08-May-17,24.0 ,8.0 ,32.0 ,4.0 
09-May-17,18.0 ,9.0 ,27.0 ,2.0 
10-May-17,24.0 ,9.0 ,33.0 ,1.0 
11-May-17,23.0 ,11.0 ,34.0 ,0.0 
12-May-17,17.0 ,9.0 ,26.0 ,3.0 
13-May-17,20.0 ,8.0 ,28.0 ,6.0 
14-May-17,23.0 ,9.0 ,32.0 ,7.0 
15-May-17,19.0 ,6.0 ,25.0 ,9.0 
16-May-17,12.0 ,10.0 ,22.0 ,4.0 
17-May-17,12.0 ,9.0 ,21.0 ,6.0 
18-May-17,15.0 ,7.0 ,22.0 ,9.0 
19-May-17,17.0 ,6.0 ,23.0 ,11.0 
20-May-17,12.0 ,5.0 ,17.0 ,17.0 
21-May-17,17.0 ,7.0 ,24.0 ,14.0 
22-May-17,18.0 ,5.0 ,23.0 ,11.0 
23-May-17,16.0 ,5.0 ,21.0 ,15.0 
24-May-17,10.0 ,4.0 ,14.0 ,12.0 
25-May-17,22.0 ,7.0 ,29.0 ,12.0 
26-May-17,11.0 ,4.0 ,15.0 ,12.0 
27-May-17,13.0 ,4.0 ,17.0 ,10.0 
28-May-17,20.0 ,5.0 ,25.0 ,9.0 
30-May-17,15.0 ,11.0 ,26.0 ,10.0 
31-May-17,21.0 ,6.0 ,27.0 ,10.0 
01-Jun-17,10.0 ,7.0 ,17.0 ,8.0 
02-Jun-17,15.0 ,7.0 ,22.0 ,7.0 
03-Jun-17,31.0 ,13.0 ,44.0 ,9.0 
04-Jun-17,11.0 ,9.0 ,20.0 ,8.0 
05-Jun-17,15.0 ,8.0 ,23.0 ,10.0 
06-Jun-17,25.0 ,7.0 ,32.0 ,8.0 
14-Jun-17,53.0 ,37.0 ,90.0 ,11.0 
15-Jun-17,11.0 ,6.0 ,17.0 ,9.0 
16-Jun-17,14.0 ,4.0 ,18.0 ,15.0 
17-Jun-17,14.0 ,4.0 ,18.0 ,19.0 
18-Jun-17,13.0 ,3.0 ,16.0 ,17.0 
19-Jun-17,10.0 ,3.0 ,13.0 ,17.0 
20-Jun-17,11.0 ,3.0 ,14.0 ,13.0 
21-Jun-17,11.0 ,4.0 ,15.0 ,10.0 
22-Jun-17,14.0 ,6.0 ,20.0 ,12.0 
23-Jun-17,15.0 ,5.0 ,20.0 ,10.0 
24-Jun-17,14.0 ,7.0 ,21.0 ,12.0 
25-Jun-17,13.0 ,3.0 ,16.0 ,14.0 
26-Jun-17,13.0 ,4.0 ,17.0 ,14.0 
27-Jun-17,10.0 ,5.0 ,15.0 ,13.0 
28-Jun-17,9.0 ,5.0 ,14.0 ,11.0 
29-Jun-17,13.0 ,5.0 ,18.0 ,14.0 
30-Jun-17,8.0 ,3.0 ,11.0 ,15.0 
01-Jul-17,10.0 ,3.0 ,13.0 ,14.0 
02-Jul-17,20.0 ,4.0 ,24.0 ,16.0 
03-Jul-17,9.0 ,4.0 ,13.0 ,16.0 
04-Jul-17,8.0 ,2.0 ,10.0 ,14.0 
05-Jul-17,17.0 ,4.0 ,21.0 ,13.0 
10-Jul-17,51.0 ,21.0 ,72.0 ,13.0 
11-Jul-17,8.0 ,2.0 ,10.0 ,16.0 
12-Jul-17,12.0 ,3.0 ,15.0 ,16.0 
13-Jul-17,10.0 ,4.0 ,14.0 ,16.0 
14-Jul-17,14.0 ,4.0 ,18.0 ,11.0 
15-Jul-17,13.0 ,4.0 ,17.0 ,11.0 
18-Jul-17,17.0 ,11.0 ,28.0 ,12.0 
19-Jul-17,13.0 ,5.0 ,18.0 ,14.0 
20-Jul-17,12.0 ,4.0 ,16.0 ,14.0 
21-Jul-17,11.0 ,5.0 ,16.0 ,12.0 
22-Jul-17,10.0 ,4.0 ,14.0 ,14.0 
23-Jul-17,17.0 ,6.0 ,23.0 ,13.0 
24-Jul-17,12.0 ,6.0 ,18.0 ,13.0 
27-Jul-17,18.0 ,13.0 ,31.0 ,17.0 
28-Jul-17,9.0 ,4.0 ,13.0 ,18.0 
29-Jul-17,10.0 ,2.0 ,12.0 ,18.0 
30-Jul-17,14.0 ,6.0 ,20.0 ,17.0 
31-Jul-17,10.0 ,4.0 ,14.0 ,16.0 
01-Aug-17,14.0 ,5.0 ,19.0 ,17.0 
02-Aug-17,13.0 ,3.0 ,16.0 ,16.0 
03-Aug-17,19.0 ,5.0 ,24.0 ,16.0 
04-Aug-17,11.0 ,5.0 ,16.0 ,15.0 
05-Aug-17,16.0 ,3.0 ,19.0 ,16.0 
06-Aug-17,14.0 ,4.0 ,18.0 ,16.0 
07-Aug-17,11.0 ,5.0 ,16.0 ,15.0 
08-Aug-17,17.0 ,5.0 ,22.0 ,13.0 
09-Aug-17,8.0 ,4.0 ,12.0 ,14.0 
10-Aug-17,11.0 ,4.0 ,15.0 ,17.0 
11-Aug-17,10.0 ,4.0 ,14.0 ,15.0 
12-Aug-17,10.0 ,3.0 ,13.0 ,17.0 
13-Aug-17,13.0 ,3.0 ,16.0 ,17.0 
14-Aug-17,15.0 ,4.0 ,19.0 ,12.0 
15-Aug-17,9.0 ,3.0 ,12.0 ,11.0 
16-Aug-17,11.0 ,3.0 ,14.0 ,12.0 
17-Aug-17,15.0 ,5.0 ,20.0 ,16.0 
18-Aug-17,14.0 ,3.0 ,17.0 ,18.0 
19-Aug-17,14.0 ,4.0 ,18.0 ,18.0 
20-Aug-17,14.0 ,3.0 ,17.0 ,16.0 
21-Aug-17,17.0 ,4.0 ,21.0 ,14.0 
22-Aug-17,20.0 ,4.0 ,24.0 ,12.0 
23-Aug-17,11.0 ,5.0 ,16.0 ,10.0 
24-Aug-17,14.0 ,4.0 ,18.0 ,11.0 
25-Aug-17,17.0 ,4.0 ,21.0 ,9.0 
26-Aug-17,16.0 ,6.0 ,22.0 ,9.0 
27-Aug-17,15.0 ,6.0 ,21.0 ,7.0 
28-Aug-17,13.0 ,8.0 ,21.0 ,9.0 
29-Aug-17,15.0 ,7.0 ,22.0 ,7.0 
30-Aug-17,13.0 ,6.0 ,19.0 ,15.0 
31-Aug-17,16.0 ,6.0 ,22.0 ,16.0 
01-Sep-17,14.0 ,5.0 ,19.0 ,17.0 
02-Sep-17,14.0 ,8.0 ,22.0 ,10.0 
03-Sep-17,18.0 ,6.0 ,24.0 ,12.0 
04-Sep-17,13.0 ,7.0 ,20.0 ,9.0 
05-Sep-17,15.0 ,7.0 ,22.0 ,9.0 
06-Sep-17,15.0 ,10.0 ,25.0 ,6.0 
07-Sep-17,23.0 ,5.0 ,28.0 ,11.0 
08-Sep-17,12.0 ,9.0 ,21.0 ,8.0 
09-Sep-17,20.0 ,7.0 ,27.0 ,12.0 
10-Sep-17,20.0 ,6.0 ,26.0 ,14.0 
11-Sep-17,18.0 ,7.0 ,25.0 ,13.0 
12-Sep-17,13.0 ,6.0 ,19.0 ,14.0 
13-Sep-17,11.0 ,6.0 ,17.0 ,13.0 
14-Sep-17,17.0 ,6.0 ,23.0 ,12.0 
15-Sep-17,22.0 ,7.0 ,29.0 ,12.0 
16-Sep-17,15.0 ,7.0 ,22.0 ,10.0 
17-Sep-17,21.0 ,10.0 ,31.0 ,8.0 
18-Sep-17,19.0 ,11.0 ,30.0 ,4.0 
19-Sep-17,23.0 ,10.0 ,33.0 ,8.0 
20-Sep-17,25.0 ,8.0 ,33.0 ,6.0 
21-Sep-17,18.0 ,8.0 ,26.0 ,10.0 
22-Sep-17,14.0 ,6.0 ,20.0 ,10.0 
23-Sep-17,25.0 ,8.0 ,33.0 ,10.0 
24-Sep-17,18.0 ,9.0 ,27.0 ,7.0 
25-Sep-17,21.0 ,10.0 ,31.0 ,7.0 
28-Sep-17,53.0 ,26.0 ,79.0 ,10.0 
29-Sep-17,18.0 ,10.0 ,28.0 ,4.0 
30-Sep-17,23.0 ,7.0 ,30.0 ,8.0 
01-Oct-17,21.0 ,8.0 ,29.0 ,8.0 
02-Oct-17,27.0 ,10.0 ,37.0 ,9.0 
03-Oct-17,19.0 ,7.0 ,26.0 ,7.0 
04-Oct-17,20.0 ,7.0 ,27.0 ,11.0 
05-Oct-17,14.0 ,9.0 ,23.0 ,9.0 
06-Oct-17,21.0 ,10.0 ,31.0 ,6.0 
07-Oct-17,22.0 ,9.0 ,31.0 ,7.0 
08-Oct-17,19.0 ,8.0 ,27.0 ,9.0 
09-Oct-17,25.0 ,6.0 ,31.0 ,9.0 
10-Oct-17,19.0 ,7.0 ,26.0 ,8.0 
11-Oct-17,17.0 ,8.0 ,25.0 ,7.0 
12-Oct-17,16.0 ,9.0 ,25.0 ,1.0 
13-Oct-17,24.0 ,7.0 ,31.0 ,7.0 
14-Oct-17,21.0 ,10.0 ,31.0 ,6.0 
15-Oct-17,31.0 ,6.0 ,37.0 ,7.0 
16-Oct-17,27.0 ,9.0 ,36.0 ,9.0 
24-Oct-17,103.0 ,63.0 ,166.0 ,-4.0 
25-Oct-17,30.0 ,12.0 ,42.0 ,1.0 
26-Oct-17,23.0 ,11.0 ,34.0 ,1.0 
27-Oct-17,28.0 ,11.0 ,39.0 ,-1.0 
28-Oct-17,24.0 ,13.0 ,37.0 ,0.0 
29-Oct-17,35.0 ,12.0 ,47.0 ,2.0 
30-Oct-17,26.0 ,10.0 ,36.0 ,1.0 
31-Oct-17,30.0 ,11.0 ,41.0 ,-3.0 
01-Nov-17,25.0 ,12.0 ,37.0 ,-2.0 
02-Nov-17,25.0 ,12.0 ,37.0 ,-3.0 
03-Nov-17,32.0 ,11.0 ,43.0 ,0.0 
04-Nov-17,29.0 ,11.0 ,40.0 ,6.0 
05-Nov-17,24.0 ,9.0 ,33.0 ,8.0 
06-Nov-17,5.0 ,8.0 ,13.0 ,8.0 
07-Nov-17,41.0 ,8.0 ,49.0 ,-1.0 
08-Nov-17,22.0 ,9.0 ,31.0 ,1.0 
09-Nov-17,20.0 ,7.0 ,27.0 ,6.0 
10-Nov-17,22.0 ,8.0 ,30.0 ,6.0 
11-Nov-17,21.0 ,10.0 ,31.0 ,5.0 
12-Nov-17,29.0 ,11.0 ,37.0 ,2.0 
13-Nov-17,29.0 ,11.0 ,41.0 ,2.0 
14-Nov-17,26.0 ,19.0 ,36.0 ,0.0 
15-Nov-17,22.0 ,10.0 ,32.0 ,0.0 
16-Nov-17,24.0 ,11.0 ,35.0 ,2.0 
17-Nov-17,24.0 ,12.0 ,36.0 ,5.0 
18-Nov-17,26.0 ,11.0 ,37.0 ,2.0 
19-Nov-17,33.0 ,11.0 ,44.0 ,4.0 
20-Nov-17,33.0 ,12.0 ,45.0 ,1.0 
21-Nov-17,28.0 ,10.0 ,38.0 ,0.0 
22-Nov-17,26.0 ,12.0 ,38.0 ,0.0 
23-Nov-17,38.0 ,11.0 ,49.0 ,0.0 
24-Nov-17,26.0 ,10.0 ,36.0 ,4.0 
25-Nov-17,34.0 ,11.0 ,45.0 ,3.0 
26-Nov-17,28.0 ,11.0 ,39.0 ,1.0 
27-Nov-17,22.0 ,10.0 ,32.0 ,3.0 
28-Nov-17,29.0 ,10.0 ,39.0 ,4.0 
29-Nov-17,21.0 ,11.0 ,32.0 ,1.0 
30-Nov-17,26.0 ,11.0 ,37.0 ,3.0 
01-Dec-17,25.0 ,11.0 ,36.0 ,1.0 
02-Dec-17,36.0 ,11.0 ,47.0 ,-1.0 
03-Dec-17,30.0 ,11.0 ,41.0 ,4.0 
04-Dec-17,32.0 ,11.0 ,43.0 ,1.0 
05-Dec-17,28.0 ,13.0 ,41.0 ,-1.0 
06-Dec-17,31.0 ,11.0 ,42.0 ,-2.0 
07-Dec-17,35.0 ,13.0 ,48.0 ,-6.0 
08-Dec-17,24.0 ,11.0 ,35.0 ,4.0 
09-Dec-17,25.0 ,12.0 ,37.0 ,3.0 
10-Dec-17,32.0 ,11.0 ,43.0 ,1.0 
11-Dec-17,37.0 ,13.0 ,50.0 ,1.0 
12-Dec-17,24.0 ,12.0 ,36.0 ,0.0 
13-Dec-17,26.0 ,10.0 ,36.0 ,0.0 
14-Dec-17,28.0 ,12.0 ,40.0 ,1.0 
15-Dec-17,35.0 ,11.0 ,46.0 ,0.0 
16-Dec-17,32.0 ,10.0 ,42.0 ,2.0 
17-Dec-17,39.0 ,14.0 ,53.0 ,0.0 
18-Dec-17,40.0 ,12.0 ,52.0 ,-3.0 
19-Dec-17,28.0 ,11.0 ,39.0 ,1.0 
20-Dec-17,28.0 ,11.0 ,39.0 ,1.0 
21-Dec-17,28.0 ,10.0 ,38.0 ,3.0 
22-Dec-17,25.0 ,13.0 ,38.0 ,-2.0 
23-Dec-17,35.0 ,12.0 ,47.0 ,-2.0 
25-Dec-17,61.0 ,24.0 ,85.0 ,-5.0 
26-Dec-17,38.0 ,12.0 ,50.0 ,1.0 
27-Dec-17,32.0 ,12.0 ,44.0 ,1.0 
28-Dec-17,39.0 ,11.0 ,50.0 ,1.0 
29-Dec-17,27.0 ,13.0 ,40.0 ,2.0 
30-Dec-17,36.0 ,11.0 ,47.0 ,2.0 
31-Dec-17,33.0 ,12.0 ,45.0 ,0.0 
01-Jan-18,39.0 ,13.0 ,52.0 ,1.0 
02-Jan-18,32.0 ,11.0 ,43.0 ,3.0 
03-Jan-18,31.0 ,10.0 ,41.0 ,3.0 
04-Jan-18,35.0 ,11.0 ,46.0 ,2.0 
05-Jan-18,36.0 ,10.0 ,46.0 ,3.0 
06-Jan-18,26.0 ,12.0 ,38.0 ,3.0 
07-Jan-18,36.0 ,12.0 ,48.0 ,-5.0 
08-Jan-18,29.0 ,12.0 ,41.0 ,-2.0 
09-Jan-18,29.0 ,11.0 ,40.0 ,-2.0 
10-Jan-18,34.0 ,14.0 ,48.0 ,-2.0 
11-Jan-18,38.0 ,14.0 ,52.0 ,-6.0 
12-Jan-18,33.0 ,16.0 ,49.0 ,-4.0 
13-Jan-18,40.0 ,14.0 ,54.0 ,-3.0 
14-Jan-18,37.0 ,14.0 ,51.0 ,-4.0 
15-Jan-18,41.0 ,14.0 ,55.0 ,-6.0 
16-Jan-18,38.0 ,17.0 ,55.0 ,-8.0 
17-Jan-18,38.0 ,18.0 ,56.0 ,-7.0 
18-Jan-18,37.0 ,15.0 ,52.0 ,-4.0 
19-Jan-18,33.0 ,15.0 ,48.0 ,-5.0 
20-Jan-18,37.0 ,14.0 ,51.0 ,-3.0 
21-Jan-18,35.0 ,16.0 ,51.0 ,-6.0 
22-Jan-18,38.0 ,17.0 ,55.0 ,-6.0 
23-Jan-18,35.0 ,18.0 ,53.0 ,-12.0 
24-Jan-18,33.0 ,15.0 ,48.0 ,-3.0 
25-Jan-18,30.0 ,13.0 ,43.0 ,3.0 
26-Jan-18,30.0 ,12.0 ,42.0 ,3.0 
27-Jan-18,29.0 ,13.0 ,42.0 ,2.0 
28-Jan-18,32.0 ,13.0 ,45.0 ,-1.0 
29-Jan-18,33.0 ,13.0 ,46.0 ,0.0 
30-Jan-18,28.0 ,14.0 ,42.0 ,-2.0 
31-Jan-18,27.0 ,15.0 ,42.0 ,-4.0 
01-Feb-18,34.0 ,14.0 ,48.0 ,-2.0 
02-Feb-18,40.0 ,14.0 ,54.0 ,1.0 
03-Feb-18,36.0 ,14.0 ,50.0 ,-3.0 
04-Feb-18,27.0 ,15.0 ,42.0 ,-13.0 
05-Feb-18,39.0 ,20.0 ,59.0 ,-11.0 
06-Feb-18,35.0 ,16.0 ,51.0 ,-11.0 
07-Feb-18,35.0 ,16.0 ,51.0 ,-8.0 
08-Feb-18,33.0 ,16.0 ,49.0 ,-6.0 
09-Feb-18,39.0 ,17.0 ,56.0 ,-7.0 
10-Feb-18,37.0 ,15.0 ,52.0 ,-5.0 
11-Feb-18,30.0 ,20.0 ,50.0 ,-6.0 
12-Feb-18,43.0 ,15.0 ,58.0 ,-4.0 
13-Feb-18,32.0 ,14.0 ,46.0 ,-1.0 
14-Feb-18,28.0 ,14.0 ,42.0 ,0.0 
15-Feb-18,31.0 ,15.0 ,46.0 ,-2.0 
16-Feb-18,42.0 ,16.0 ,58.0 ,-6.0 
17-Feb-18,36.0 ,13.0 ,49.0 ,-6.0 
24-Feb-18,192.0 ,116.0 ,308.0 ,-13.0 
25-Feb-18,29.0 ,21.0 ,50.0 ,-14.0 
26-Feb-18,37.0 ,17.0 ,54.0 ,-10.0 
27-Feb-18,33.0 ,20.0 ,53.0 ,-19.0 
28-Feb-18,43.0 ,27.0 ,70.0 ,-21.0 
01-Mar-18,38.0 ,23.0 ,61.0 ,-20.0 
02-Mar-18,42.0 ,20.0 ,62.0 ,-18.0 
03-Mar-18,40.0 ,18.0 ,58.0 ,-16.0 
04-Mar-18,37.0 ,20.0 ,57.0 ,-16.0 
05-Mar-18,37.0 ,19.0 ,56.0 ,-17.0 
06-Mar-18,35.0 ,16.0 ,51.0 ,-7.0 
07-Mar-18,32.0 ,17.0 ,49.0 ,-11.0 
08-Mar-18,35.0 ,10.0 ,45.0 ,-8.0 
09-Mar-18,35.0 ,24.0 ,59.0 ,-2.0 
10-Mar-18,29.0 ,13.0 ,42.0 ,0.0 
11-Mar-18,24.0 ,12.0 ,36.0 ,1.0 
12-Mar-18,22.0 ,12.0 ,34.0 ,-2.0 
13-Mar-18,28.0 ,11.0 ,39.0 ,1.0 
14-Mar-18,22.0 ,11.0 ,33.0 ,-1.0 
15-Mar-18,33.0 ,15.0 ,48.0 ,-11.0 
16-Mar-18,29.0 ,17.0 ,46.0 ,-17.0 
17-Mar-18,42.0 ,16.0 ,58.0 ,-13.0 
18-Mar-18,33.0 ,16.0 ,49.0 ,-7.0 
19-Mar-18,32.0 ,14.0 ,46.0 ,0.0 
20-Mar-18,23.0 ,13.0 ,36.0 ,-3.0 
21-Mar-18,29.0 ,17.0 ,46.0 ,-10.0 
22-Mar-18,26.0 ,12.0 ,38.0 ,-1.0 
23-Mar-18,27.0 ,15.0 ,42.0 ,-4.0 
24-Mar-18,29.0 ,14.0 ,43.0 ,-2.0 
25-Mar-18,24.0 ,10.0 ,34.0 ,1.0 
26-Mar-18,36.0 ,14.0 ,50.0 ,-5.0 
27-Mar-18,23.0 ,17.0 ,40.0 ,-10.0 
28-Mar-18,27.0 ,17.0 ,44.0 ,-7.0 
29-Mar-18,25.0 ,15.0 ,40.0 ,-8.0 
30-Mar-18,29.0 ,14.0 ,43.0 ,-9.0 
31-Mar-18,34.0 ,14.0 ,48.0 ,-8.0 
01-Apr-18,34.0 ,14.0 ,48.0 ,-4.0 
02-Apr-18,22.0 ,13.0 ,35.0 ,-1.0 
03-Apr-18,26.0 ,11.0 ,37.0 ,-4.0 
04-Apr-18,26.0 ,13.0 ,39.0 ,-7.0 
05-Apr-18,26.0 ,11.0 ,37.0 ,2.0 
06-Apr-18,27.0 ,11.0 ,38.0 ,3.0 
07-Apr-18,28.0 ,11.0 ,39.0 ,0.0 
08-Apr-18,24.0 ,9.0 ,33.0 ,4.0 
09-Apr-18,26.0 ,11.0 ,37.0 ,3.0 
10-Apr-18,16.0 ,10.0 ,26.0 ,0.0 
11-Apr-18,23.0 ,11.0 ,34.0 ,-3.0 
12-Apr-18,20.0 ,11.0 ,31.0 ,-2.0 
13-Apr-18,19.0 ,13.0 ,32.0 ,0.0 
14-Apr-18,20.0 ,11.0 ,31.0 ,1.0 
15-Apr-18,19.0 ,8.0 ,27.0 ,2.0 
16-Apr-18,26.0 ,8.0 ,34.0 ,6.0 
17-Apr-18,16.0 ,8.0 ,24.0 ,7.0 
18-Apr-18,19.0 ,9.0 ,28.0 ,5.0 
19-Apr-18,18.0 ,8.0 ,26.0 ,7.0 
20-Apr-18,18.0 ,9.0 ,27.0 ,6.0 
21-Apr-18,15.0 ,7.0 ,22.0 ,7.0 
22-Apr-18,21.0 ,9.0 ,30.0 ,7.0 
23-Apr-18,20.0 ,11.0 ,31.0 ,5.0 
24-Apr-18,15.0 ,10.0 ,25.0 ,4.0 
25-Apr-18,21.0 ,10.0 ,31.0 ,6.0 
26-Apr-18,19.0 ,10.0 ,29.0 ,4.0 
27-Apr-18,18.0 ,8.0 ,26.0 ,4.0 
28-Apr-18,13.0 ,9.0 ,22.0 ,6.0 
29-Apr-18,13.0 ,8.0 ,21.0 ,6.0 
30-Apr-18,16.0 ,10.0 ,26.0 ,6.0 
01-May-18,15.0 ,9.0 ,24.0 ,7.0 
02-May-18,24.0 ,8.0 ,32.0 ,6.0 
03-May-18,19.0 ,8.0 ,27.0 ,6.0 
04-May-18,15.0 ,9.0 ,24.0 ,8.0 
05-May-18,18.0 ,6.0 ,24.0 ,7.0 
06-May-18,25.0 ,9.0 ,34.0 ,10.0 
07-May-18,14.0 ,6.0 ,20.0 ,10.0 
08-May-18,13.0 ,6.0 ,19.0 ,12.0 
09-May-18,10.0 ,8.0 ,18.0 ,8.0 
10-May-18,18.0 ,9.0 ,27.0 ,12.0 
11-May-18,14.0 ,9.0 ,23.0 ,11.0 
12-May-18,20.0 ,6.0 ,26.0 ,12.0 
13-May-18,13.0 ,5.0 ,18.0 ,13.0 
14-May-18,14.0 ,5.0 ,19.0 ,15.0 
15-May-18,12.0 ,4.0 ,16.0 ,17.0 
16-May-18,11.0 ,3.0 ,14.0 ,14.0 
17-May-18,10.0 ,4.0 ,14.0 ,14.0 
18-May-18,12.0 ,4.0 ,16.0 ,14.0 
19-May-18,18.0 ,4.0 ,22.0 ,11.0 
20-May-18,16.0 ,3.0 ,19.0 ,14.0 
21-May-18,11.0 ,4.0 ,15.0 ,12.0 
22-May-18,13.0 ,3.0 ,16.0 ,10.0 
24-May-18,18.0 ,9.0 ,27.0 ,12.0 
25-May-18,13.0 ,3.0 ,16.0 ,12.0 
26-May-18,15.0 ,4.0 ,19.0 ,14.0 
27-May-18,10.0 ,4.0 ,14.0 ,16.0 
28-May-18,10.0 ,4.0 ,14.0 ,12.0 
29-May-18,12.0 ,3.0 ,15.0 ,11.0 
30-May-18,9.0 ,5.0 ,14.0 ,16.0 
31-May-18,10.0 ,3.0 ,13.0 ,13.0 
01-Jun-18,12.0 ,5.0 ,17.0 ,12.0 
02-Jun-18,12.0 ,2.0 ,14.0 ,15.0 
03-Jun-18,14.0 ,5.0 ,19.0 ,15.0 
04-Jun-18,11.0 ,4.0 ,15.0 ,16.0 
05-Jun-18,11.0 ,3.0 ,14.0 ,9.0 
06-Jun-18,12.0 ,6.0 ,18.0 ,7.0 
07-Jun-18,15.0 ,6.0 ,21.0 ,7.0 
08-Jun-18,15.0 ,6.0 ,21.0 ,9.0 
09-Jun-18,18.0 ,6.0 ,24.0 ,10.0 
10-Jun-18,14.0 ,5.0 ,19.0 ,13.0 
11-Jun-18,13.0 ,4.0 ,17.0 ,17.0 
12-Jun-18,11.0 ,5.0 ,16.0 ,14.0 
13-Jun-18,7.0 ,4.0 ,11.0 ,14.0 
14-Jun-18,12.0 ,4.0 ,16.0 ,13.0 
15-Jun-18,10.0 ,5.0 ,15.0 ,13.0 
16-Jun-18,10.0 ,5.0 ,15.0 ,14.0 
17-Jun-18,19.0 ,3.0 ,22.0 ,14.0 
18-Jun-18,12.0 ,3.0 ,15.0 ,18.0 
19-Jun-18,11.0 ,2.0 ,13.0 ,17.0 
20-Jun-18,12.0 ,3.0 ,15.0 ,14.0 
21-Jun-18,10.0 ,5.0 ,15.0 ,13.0 
22-Jun-18,21.0 ,3.0 ,24.0 ,13.0 
23-Jun-18,18.0 ,3.0 ,21.0 ,12.0 
24-Jun-18,11.0 ,5.0 ,16.0 ,12.0 
25-Jun-18,10.0 ,3.0 ,13.0 ,14.0 
26-Jun-18,11.0 ,3.0 ,14.0 ,14.0 
27-Jun-18,13.0 ,3.0 ,16.0 ,14.0 
02-Jul-18,54.0 ,27.0 ,81.0 ,13.0 
03-Jul-18,11.0 ,9.0 ,20.0 ,13.0 
04-Jul-18,20.0 ,4.0 ,24.0 ,14.0 
05-Jul-18,10.0 ,3.0 ,13.0 ,15.0 
06-Jul-18,13.0 ,3.0 ,16.0 ,16.0 
07-Jul-18,13.0 ,4.0 ,17.0 ,19.0 
08-Jul-18,11.0 ,4.0 ,15.0 ,17.0 
09-Jul-18,14.0 ,2.0 ,16.0 ,16.0 
10-Jul-18,11.0 ,4.0 ,15.0 ,17.0 
11-Jul-18,10.0 ,3.0 ,13.0 ,15.0 
12-Jul-18,16.0 ,3.0 ,19.0 ,18.0 
13-Jul-18,7.0 ,5.0 ,12.0 ,19.0 
16-Jul-18,32.0 ,17.0 ,49.0 ,19.0 
17-Jul-18,9.0 ,11.0 ,20.0 ,22.0 
18-Jul-18,9.0 ,8.0 ,17.0 ,24.0 
19-Jul-18,9.0 ,10.0 ,19.0 ,21.0 
20-Jul-18,16.0 ,8.0 ,24.0 ,19.0 
21-Jul-18,11.0 ,6.0 ,17.0 ,21.0 
22-Jul-18,9.0 ,8.0 ,17.0 ,20.0 
23-Jul-18,12.0 ,6.0 ,18.0 ,18.0 
03-Aug-18,86.0 ,65.0 ,151.0 ,23.0 
04-Aug-18,18.0 ,9.0 ,27.0 ,20.0 
05-Aug-18,16.0 ,6.0 ,22.0 ,18.0 
06-Aug-18,9.0 ,3.0 ,12.0 ,16.0 
07-Aug-18,13.0 ,4.0 ,17.0 ,15.0 
08-Aug-18,9.0 ,4.0 ,13.0 ,14.0 
09-Aug-18,11.0 ,3.0 ,14.0 ,19.0 
10-Aug-18,11.0 ,4.0 ,15.0 ,20.0 
11-Aug-18,17.0 ,3.0 ,20.0 ,19.0 
12-Aug-18,21.0 ,4.0 ,25.0 ,15.0 
13-Aug-18,14.0 ,3.0 ,17.0 ,12.0 
14-Aug-18,16.0 ,4.0 ,20.0 ,12.0 
15-Aug-18,11.0 ,3.0 ,14.0 ,15.0 
16-Aug-18,11.0 ,4.0 ,15.0 ,12.0 
17-Aug-18,18.0 ,3.0 ,21.0 ,15.0 
18-Aug-18,13.0 ,3.0 ,16.0 ,18.0 
19-Aug-18,11.0 ,3.0 ,14.0 ,17.0 
20-Aug-18,10.0 ,4.0 ,14.0 ,12.0 
21-Aug-18,19.0 ,4.0 ,23.0 ,11.0 
22-Aug-18,13.0 ,4.0 ,17.0 ,9.0 
23-Aug-18,14.0 ,3.0 ,17.0 ,17.0 
24-Aug-18,11.0 ,4.0 ,15.0 ,13.0 
25-Aug-18,11.0 ,3.0 ,14.0 ,18.0 
26-Aug-18,14.0 ,5.0 ,19.0 ,15.0 
27-Aug-18,11.0 ,3.0 ,14.0 ,11.0 
28-Aug-18,20.0 ,3.0 ,23.0 ,12.0 
29-Aug-18,25.0 ,4.0 ,29.0 ,12.0 
30-Aug-18,18.0 ,3.0 ,21.0 ,14.0 
31-Aug-18,20.0 ,6.0 ,26.0 ,14.0 
01-Sep-18,16.0 ,4.0 ,20.0 ,16.0 
02-Sep-18,12.0 ,4.0 ,16.0 ,15.0 
03-Sep-18,14.0 ,5.0 ,19.0 ,12.0 
04-Sep-18,14.0 ,4.0 ,18.0 ,11.0 
05-Sep-18,13.0 ,3.0 ,16.0 ,14.0 
06-Sep-18,16.0 ,5.0 ,21.0 ,13.0 
07-Sep-18,13.0 ,5.0 ,18.0 ,14.0 
08-Sep-18,15.0 ,6.0 ,21.0 ,16.0 
09-Sep-18,11.0 ,3.0 ,14.0 ,16.0 
10-Sep-18,12.0 ,3.0 ,15.0 ,15.0 
11-Sep-18,20.0 ,3.0 ,23.0 ,15.0 
12-Sep-18,16.0 ,4.0 ,20.0 ,13.0 
13-Sep-18,11.0 ,4.0 ,15.0 ,10.0 
14-Sep-18,14.0 ,5.0 ,19.0 ,9.0 
15-Sep-18,18.0 ,6.0 ,24.0 ,13.0 
16-Sep-18,24.0 ,6.0 ,30.0 ,7.0 
17-Sep-18,16.0 ,6.0 ,22.0 ,9.0 
18-Sep-18,21.0 ,5.0 ,26.0 ,8.0 
19-Sep-18,15.0 ,6.0 ,21.0 ,13.0 
20-Sep-18,11.0 ,4.0 ,15.0 ,14.0 
21-Sep-18,17.0 ,7.0 ,24.0 ,11.0 
22-Sep-18,16.0 ,5.0 ,21.0 ,14.0 
23-Sep-18,17.0 ,5.0 ,22.0 ,8.0 
24-Sep-18,15.0 ,8.0 ,23.0 ,4.0 
25-Sep-18,25.0 ,9.0 ,34.0 ,2.0 
26-Sep-18,23.0 ,7.0 ,30.0 ,8.0 
27-Sep-18,18.0 ,9.0 ,27.0 ,7.0 
28-Sep-18,18.0 ,8.0 ,26.0 ,6.0 
29-Sep-18,24.0 ,11.0 ,35.0 ,0.0 
30-Sep-18,23.0 ,10.0 ,33.0 ,7.0 
01-Oct-18,25.0 ,8.0 ,33.0 ,6.0 
02-Oct-18,21.0 ,9.0 ,30.0 ,6.0 
03-Oct-18,18.0 ,10.0 ,28.0 ,5.0 
04-Oct-18,23.0 ,11.0 ,34.0 ,2.0 
05-Oct-18,25.0 ,13.0 ,38.0 ,3.0 
06-Oct-18,21.0 ,10.0 ,31.0 ,5.0 
07-Oct-18,21.0 ,9.0 ,30.0 ,5.0 
08-Oct-18,20.0 ,9.0 ,29.0 ,-2.0 
09-Oct-18,24.0 ,7.0 ,31.0 ,10.0 
10-Oct-18,18.0 ,6.0 ,24.0 ,11.0 
11-Oct-18,15.0 ,8.0 ,23.0 ,3.0 
12-Oct-18,18.0 ,8.0 ,26.0 ,10.0 
13-Oct-18,20.0 ,10.0 ,30.0 ,8.0 
14-Oct-18,21.0 ,7.0 ,28.0 ,10.0 
18-Oct-18,67.0 ,36.0 ,103.0 ,12.0 
19-Oct-18,23.0 ,8.0 ,31.0 ,3.0 
20-Oct-18,23.0 ,9.0 ,32.0 ,0.0 
21-Oct-18,26.0 ,8.0 ,34.0 ,4.0 
22-Oct-18,25.0 ,6.0 ,31.0 ,11.0 
23-Oct-18,18.0 ,8.0 ,26.0 ,2.0 
24-Oct-18,23.0 ,9.0 ,32.0 ,4.0 
25-Oct-18,19.0 ,10.0 ,29.0 ,-3.0 
26-Oct-18,29.0 ,11.0 ,40.0 ,1.0 
27-Oct-18,28.0 ,11.0 ,39.0 ,-1.0 
28-Oct-18,26.0 ,12.0 ,38.0 ,-1.0 
29-Oct-18,32.0 ,13.0 ,45.0 ,-5.0 
30-Oct-18,27.0 ,10.0 ,37.0 ,2.0 
31-Oct-18,26.0 ,9.0 ,35.0 ,6.0 
01-Nov-18,23.0 ,7.0 ,30.0 ,8.0 
02-Nov-18,28.0 ,8.0 ,36.0 ,8.0 
03-Nov-18,17.0 ,7.0 ,24.0 ,9.0 
04-Nov-18,28.0 ,8.0 ,36.0 ,3.0 
05-Nov-18,21.0 ,9.0 ,30.0 ,5.0 
06-Nov-18,23.0 ,7.0 ,30.0 ,6.0 
07-Nov-18,22.0 ,7.0 ,29.0 ,8.0 
08-Nov-18,25.0 ,7.0 ,32.0 ,7.0 
09-Nov-18,24.0 ,11.0 ,35.0 ,5.0 
10-Nov-18,28.0 ,8.0 ,36.0 ,5.0 
11-Nov-18,27.0 ,8.0 ,35.0 ,5.0 
12-Nov-18,22.0 ,9.0 ,31.0 ,5.0 
13-Nov-18,26.0 ,8.0 ,34.0 ,5.0 
14-Nov-18,31.0 ,10.0 ,41.0 ,6.0 
15-Nov-18,22.0 ,9.0 ,31.0 ,5.0 
16-Nov-18,23.0 ,8.0 ,31.0 ,8.0 
17-Nov-18,16.0 ,9.0 ,25.0 ,7.0 
18-Nov-18,27.0 ,9.0 ,36.0 ,5.0 
19-Nov-18,27.0 ,10.0 ,37.0 ,0.0 
20-Nov-18,26.0 ,11.0 ,37.0 ,-3.0 
21-Nov-18,28.0 ,11.0 ,39.0 ,-2.0 
22-Nov-18,30.0 ,13.0 ,43.0 ,-1.0 
23-Nov-18,32.0 ,11.0 ,43.0 ,-2.0 
24-Nov-18,36.0 ,11.0 ,47.0 ,-1.0 
25-Nov-18,28.0 ,23.0 ,51.0 ,-7.0 
26-Nov-18,35.0 ,5.0 ,40.0 ,-5.0 
27-Nov-18,26.0 ,13.0 ,39.0 ,-6.0 
28-Nov-18,29.0 ,15.0 ,44.0 ,-5.0 
29-Nov-18,32.0 ,14.0 ,46.0 ,-2.0 
30-Nov-18,36.0 ,12.0 ,48.0 ,0.0 
01-Dec-18,33.0 ,12.0 ,45.0 ,-3.0 
02-Dec-18,28.0 ,12.0 ,40.0 ,-1.0 
03-Dec-18,30.0 ,11.0 ,41.0 ,-1.0 
04-Dec-18,30.0 ,12.0 ,42.0 ,1.0 
05-Dec-18,36.0 ,10.0 ,46.0 ,3.0 
06-Dec-18,27.0 ,12.0 ,39.0 ,-2.0 
07-Dec-18,31.0 ,12.0 ,43.0 ,0.0 
08-Dec-18,25.0 ,13.0 ,38.0 ,0.0 
09-Dec-18,25.0 ,11.0 ,36.0 ,4.0 
10-Dec-18,20.0 ,11.0 ,31.0 ,3.0 
11-Dec-18,30.0 ,10.0 ,40.0 ,1.0 
12-Dec-18,25.0 ,11.0 ,36.0 ,0.0 
13-Dec-18,26.0 ,15.0 ,41.0 ,-2.0 
14-Dec-18,35.0 ,12.0 ,47.0 ,-4.0 
15-Dec-18,33.0 ,13.0 ,46.0 ,-6.0 
16-Dec-18,33.0 ,13.0 ,46.0 ,-6.0 
17-Dec-18,25.0 ,12.0 ,37.0 ,-1.0 
18-Dec-18,30.0 ,11.0 ,41.0 ,0.0 
19-Dec-18,28.0 ,11.0 ,39.0 ,0.0 
20-Dec-18,27.0 ,11.0 ,38.0 ,-2.0 
21-Dec-18,42.0 ,12.0 ,54.0 ,-4.0 
22-Dec-18,38.0 ,16.0 ,54.0 ,-10.0 
23-Dec-18,31.0 ,19.0 ,50.0 ,-9.0 
24-Dec-18,38.0 ,18.0 ,56.0 ,-11.0 
25-Dec-18,38.0 ,15.0 ,53.0 ,-2.0 
26-Dec-18,32.0 ,12.0 ,44.0 ,1.0 
27-Dec-18,34.0 ,12.0 ,46.0 ,-2.0 
03-Jan-19,142.0 ,79.0 ,221.0 ,-11.0 
04-Jan-19,27.0 ,16.0 ,43.0 ,-4.0 
05-Jan-19,28.0 ,15.0 ,43.0 ,-5.0 
06-Jan-19,41.0 ,14.0 ,55.0 ,-7.0 
07-Jan-19,27.0 ,12.0 ,39.0 ,1.0 
08-Jan-19,32.0 ,13.0 ,45.0 ,0.0 
09-Jan-19,31.0 ,12.0 ,43.0 ,-1.0 
10-Jan-19,24.0 ,13.0 ,37.0 ,-5.0 
11-Jan-19,38.0 ,13.0 ,51.0 ,0.0 
12-Jan-19,35.0 ,12.0 ,47.0 ,-3.0 
13-Jan-19,29.0 ,15.0 ,44.0 ,-7.0 
14-Jan-19,26.0 ,19.0 ,45.0 ,-1.0 
15-Jan-19,30.0 ,20.0 ,50.0 ,-10.0 
16-Jan-19,29.0 ,14.0 ,43.0 ,-5.0 
17-Jan-19,35.0 ,14.0 ,49.0 ,-3.0 
18-Jan-19,33.0 ,14.0 ,47.0 ,-11.0 
19-Jan-19,37.0 ,16.0 ,53.0 ,-12.0 
20-Jan-19,39.0 ,15.0 ,54.0 ,-7.0 
21-Jan-19,35.0 ,18.0 ,53.0 ,-18.0 
22-Jan-19,36.0 ,19.0 ,55.0 ,-23.0 
23-Jan-19,44.0 ,18.0 ,62.0 ,-5.0 
24-Jan-19,29.0 ,16.0 ,45.0 ,-8.0 
25-Jan-19,43.0 ,15.0 ,58.0 ,-5.0 
26-Jan-19,34.0 ,15.0 ,49.0 ,-8.0 
27-Jan-19,40.0 ,17.0 ,57.0 ,-18.0 
28-Jan-19,39.0 ,18.0 ,57.0 ,-11.0 
29-Jan-19,40.0 ,15.0 ,55.0 ,-5.0 
30-Jan-19,33.0 ,15.0 ,48.0 ,-4.0 
31-Jan-19,29.0 ,13.0 ,42.0 ,-1.0 
01-Feb-19,33.0 ,14.0 ,47.0 ,-4.0 
02-Feb-19,32.0 ,13.0 ,45.0 ,-3.0 
03-Feb-19,35.0 ,14.0 ,49.0 ,-2.0 
04-Feb-19,30.0 ,12.0 ,42.0 ,-2.0 
05-Feb-19,27.0 ,15.0 ,42.0 ,-1.0 
06-Feb-19,39.0 ,13.0 ,52.0 ,-1.0 
07-Feb-19,28.0 ,14.0 ,42.0 ,-3.0 
08-Feb-19,29.0 ,13.0 ,42.0 ,1.0 
09-Feb-19,30.0 ,12.0 ,42.0 ,2.0 
10-Feb-19,31.0 ,12.0 ,43.0 ,1.0 
11-Feb-19,25.0 ,13.0 ,38.0 ,1.0 
12-Feb-19,29.0 ,12.0 ,41.0 ,-1.0 
13-Feb-19,26.0 ,12.0 ,38.0 ,-4.0 
14-Feb-19,24.0 ,11.0 ,35.0 ,0.0 
15-Feb-19,29.0 ,11.0 ,40.0 ,3.0 
16-Feb-19,25.0 ,12.0 ,37.0 ,-1.0 
17-Feb-19,26.0 ,11.0 ,37.0 ,-1.0 
18-Feb-19,30.0 ,13.0 ,43.0 ,-4.0 
19-Feb-19,23.0 ,10.0 ,33.0 ,2.0 
20-Feb-19,19.0 ,10.0 ,29.0 ,2.0 
21-Feb-19,22.0 ,14.0 ,36.0 ,-10.0 
22-Feb-19,28.0 ,15.0 ,43.0 ,-14.0 
23-Feb-19,26.0 ,13.0 ,39.0 ,-1.0 
24-Feb-19,23.0 ,12.0 ,35.0 ,1.0 
25-Feb-19,19.0 ,9.0 ,28.0 ,3.0 
26-Feb-19,21.0 ,12.0 ,33.0 ,2.0 
27-Feb-19,28.0 ,12.0 ,40.0 ,1.0 
28-Feb-19,21.0 ,11.0 ,32.0 ,2.0 
01-Mar-19,28.0 ,12.0 ,40.0 ,-8.0 
02-Mar-19,30.0 ,13.0 ,43.0 ,-4.0 
03-Mar-19,22.0 ,15.0 ,37.0 ,-8.0 
04-Mar-19,36.0 ,16.0 ,52.0 ,-6.0 
05-Mar-19,30.0 ,13.0 ,43.0 ,-4.0 
06-Mar-19,31.0 ,16.0 ,47.0 ,-16.0 
07-Mar-19,32.0 ,15.0 ,47.0 ,-1.0 
08-Mar-19,36.0 ,12.0 ,48.0 ,2.0 
09-Mar-19,23.0 ,11.0 ,34.0 ,-2.0 
10-Mar-19,31.0 ,13.0 ,44.0 ,-1.0 
11-Mar-19,29.0 ,13.0 ,42.0 ,-8.0 
12-Mar-19,29.0 ,16.0 ,45.0 ,-10.0 
13-Mar-19,29.0 ,16.0 ,45.0 ,-12.0 
14-Mar-19,30.0 ,13.0 ,43.0 ,0.0 
15-Mar-19,23.0 ,12.0 ,35.0 ,1.0 
16-Mar-19,33.0 ,11.0 ,44.0 ,2.0 
17-Mar-19,26.0 ,11.0 ,37.0 ,1.0 
18-Mar-19,22.0 ,10.0 ,32.0 ,2.0 
19-Mar-19,24.0 ,12.0 ,36.0 ,2.0 
20-Mar-19,22.0 ,12.0 ,34.0 ,0.0 
21-Mar-19,22.0 ,13.0 ,35.0 ,-1.0 
22-Mar-19,21.0 ,10.0 ,31.0 ,0.0 
23-Mar-19,27.0 ,13.0 ,40.0 ,1.0 
24-Mar-19,23.0 ,13.0 ,36.0 ,1.0 
25-Mar-19,27.0 ,12.0 ,39.0 ,-1.0 
26-Mar-19,30.0 ,11.0 ,41.0 ,-4.0 
27-Mar-19,23.0 ,15.0 ,38.0 ,-7.0 
28-Mar-19,26.0 ,12.0 ,38.0 ,-2.0 
29-Mar-19,25.0 ,11.0 ,36.0 ,2.0 
30-Mar-19,26.0 ,10.0 ,36.0 ,2.0 
31-Mar-19,22.0 ,9.0 ,31.0 ,3.0 
01-Apr-19,20.0 ,9.0 ,29.0 ,-2.0 
02-Apr-19,22.0 ,10.0 ,32.0 ,-1.0 
03-Apr-19,20.0 ,13.0 ,33.0 ,-3.0 
04-Apr-19,17.0 ,11.0 ,28.0 ,0.0 
05-Apr-19,19.0 ,11.0 ,30.0 ,-2.0 
06-Apr-19,23.0 ,10.0 ,33.0 ,-2.0 
07-Apr-19,26.0 ,10.0 ,36.0 ,1.0 
08-Apr-19,21.0 ,11.0 ,32.0 ,3.0 
09-Apr-19,26.0 ,11.0 ,37.0 ,1.0 
10-Apr-19,26.0 ,13.0 ,39.0 ,-1.0 
11-Apr-19,32.0 ,14.0 ,46.0 ,-2.0 
12-Apr-19,27.0 ,11.0 ,38.0 ,-5.0 
13-Apr-19,29.0 ,10.0 ,39.0 ,1.0 
14-Apr-19,31.0 ,10.0 ,41.0 ,3.0 
15-Apr-19,22.0 ,12.0 ,34.0 ,1.0 
16-Apr-19,26.0 ,12.0 ,38.0 ,1.0 
17-Apr-19,18.0 ,9.0 ,27.0 ,3.0 
18-Apr-19,24.0 ,10.0 ,34.0 ,6.0 
19-Apr-19,20.0 ,10.0 ,30.0 ,12.0 
20-Apr-19,14.0 ,6.0 ,20.0 ,8.0 
21-Apr-19,16.0 ,7.0 ,23.0 ,6.0 
22-Apr-19,16.0 ,8.0 ,24.0 ,6.0 
23-Apr-19,12.0 ,6.0 ,18.0 ,5.0 
24-Apr-19,11.0 ,6.0 ,17.0 ,8.0 
25-Apr-19,12.0 ,7.0 ,19.0 ,7.0 
26-Apr-19,14.0 ,5.0 ,19.0 ,12.0 
27-Apr-19,16.0 ,6.0 ,22.0 ,11.0 
28-Apr-19,12.0 ,6.0 ,18.0 ,6.0 
29-Apr-19,14.0 ,7.0 ,21.0 ,2.0 
30-Apr-19,22.0 ,9.0 ,31.0 ,2.0 
01-May-19,20.0 ,8.0 ,28.0 ,5.0 
02-May-19,16.0 ,7.0 ,23.0 ,6.0 
03-May-19,22.0 ,8.0 ,30.0 ,0.0 
04-May-19,19.0 ,9.0 ,28.0 ,2.0 
05-May-19,23.0 ,9.0 ,32.0 ,5.0 
06-May-19,22.0 ,8.0 ,30.0 ,3.0 
07-May-19,15.0 ,7.0 ,22.0 ,6.0 
08-May-19,15.0 ,8.0 ,23.0 ,6.0 
09-May-19,19.0 ,8.0 ,27.0 ,5.0 
10-May-19,13.0 ,6.0 ,19.0 ,7.0 
11-May-19,25.0 ,7.0 ,32.0 ,9.0 
12-May-19,14.0 ,6.0 ,20.0 ,9.0 
13-May-19,18.0 ,7.0 ,25.0 ,5.0 
14-May-19,16.0 ,7.0 ,23.0 ,7.0 
15-May-19,24.0 ,7.0 ,31.0 ,9.0 
16-May-19,12.0 ,7.0 ,19.0 ,9.0 
17-May-19,13.0 ,7.0 ,20.0 ,10.0 
18-May-19,12.0 ,6.0 ,18.0 ,14.0 
19-May-19,7.0 ,4.0 ,11.0 ,16.0 
20-May-19,15.0 ,4.0 ,19.0 ,15.0 
21-May-19,17.0 ,3.0 ,20.0 ,17.0 
22-May-19,10.0 ,4.0 ,14.0 ,17.0 
23-May-19,10.0 ,3.0 ,13.0 ,16.0 
24-May-19,11.0 ,3.0 ,14.0 ,9.0 
25-May-19,22.0 ,4.0 ,26.0 ,10.0 
26-May-19,20.0 ,4.0 ,24.0 ,10.0 
27-May-19,17.0 ,5.0 ,22.0 ,9.0 
28-May-19,19.0 ,5.0 ,24.0 ,10.0 
29-May-19,14.0 ,5.0 ,19.0 ,12.0 
30-May-19,15.0 ,6.0 ,21.0 ,6.0 
31-May-19,10.0 ,5.0 ,15.0 ,10.0 
01-Jun-19,18.0 ,5.0 ,23.0 ,9.0 
02-Jun-19,12.0 ,7.0 ,19.0 ,12.0 
03-Jun-19,12.0 ,6.0 ,18.0 ,10.0 
04-Jun-19,13.0 ,3.0 ,16.0 ,15.0 
05-Jun-19,13.0 ,5.0 ,18.0 ,16.0 
06-Jun-19,11.0 ,8.0 ,19.0 ,16.0 
07-Jun-19,7.0 ,4.0 ,11.0 ,19.0 
10-Jun-19,16.0 ,9.0 ,25.0 ,14.0 
11-Jun-19,10.0 ,2.0 ,12.0 ,12.0 
12-Jun-19,11.0 ,4.0 ,15.0 ,14.0 
13-Jun-19,10.0 ,4.0 ,14.0 ,14.0 
14-Jun-19,11.0 ,3.0 ,14.0 ,16.0 
15-Jun-19,13.0 ,3.0 ,16.0 ,15.0 
16-Jun-19,12.0 ,3.0 ,15.0 ,15.0 
17-Jun-19,12.0 ,3.0 ,15.0 ,16.0 
18-Jun-19,11.0 ,5.0 ,16.0 ,17.0 
19-Jun-19,18.0 ,4.0 ,22.0 ,17.0 
20-Jun-19,10.0 ,3.0 ,13.0 ,18.0 
21-Jun-19,11.0 ,3.0 ,14.0 ,19.0 
22-Jun-19,9.0 ,5.0 ,14.0 ,17.0 
08-Jul-19,77.0 ,42.0 ,119.0 ,14.0 
09-Jul-19,16.0 ,5.0 ,21.0 ,12.0 
10-Jul-19,14.0 ,4.0 ,18.0 ,16.0 
11-Jul-19,14.0 ,4.0 ,18.0 ,13.0 
12-Jul-19,10.0 ,5.0 ,15.0 ,12.0 
13-Jul-19,18.0 ,4.0 ,22.0 ,15.0 
14-Jul-19,18.0 ,4.0 ,22.0 ,13.0 
15-Jul-19,10.0 ,3.0 ,13.0 ,14.0 
18-Jul-19,23.0 ,10.0 ,33.0 ,16.0 
19-Jul-19,14.0 ,4.0 ,18.0 ,18.0 
20-Jul-19,11.0 ,3.0 ,14.0 ,17.0 
21-Jul-19,10.0 ,4.0 ,14.0 ,16.0 
22-Jul-19,14.0 ,3.0 ,17.0 ,19.0 
23-Jul-19,13.0 ,3.0 ,16.0 ,19.0 
24-Jul-19,14.0 ,5.0 ,19.0 ,20.0 
25-Jul-19,9.0 ,3.0 ,12.0 ,19.0 
26-Jul-19,10.0 ,4.0 ,14.0 ,17.0 
27-Jul-19,11.0 ,3.0 ,14.0 ,19.0 
29-Jul-19,27.0 ,15.0 ,42.0 ,18.0 
30-Jul-19,16.0 ,4.0 ,20.0 ,13.0 
31-Jul-19,8.0 ,8.0 ,16.0 ,13.0 
01-Aug-19,11.0 ,4.0 ,15.0 ,22.0 
02-Aug-19,16.0 ,3.0 ,19.0 ,12.0 
03-Aug-19,15.0 ,4.0 ,19.0 ,11.0 
04-Aug-19,14.0 ,4.0 ,18.0 ,9.0 
05-Aug-19,16.0 ,6.0 ,22.0 ,9.0 
06-Aug-19,12.0 ,3.0 ,15.0 ,14.0 
07-Aug-19,13.0 ,6.0 ,19.0 ,16.0 
08-Aug-19,11.0 ,5.0 ,16.0 ,14.0 
09-Aug-19,12.0 ,6.0 ,18.0 ,14.0 
10-Aug-19,13.0 ,7.0 ,20.0 ,13.0 
11-Aug-19,11.0 ,4.0 ,15.0 ,18.0 
12-Aug-19,13.0 ,4.0 ,17.0 ,17.0 
13-Aug-19,10.0 ,4.0 ,14.0 ,16.0 
14-Aug-19,9.0 ,4.0 ,13.0 ,15.0 
15-Aug-19,13.0 ,7.0 ,20.0 ,13.0 
16-Aug-19,13.0 ,4.0 ,17.0 ,11.0 
17-Aug-19,12.0 ,8.0 ,20.0 ,16.0 
18-Aug-19,13.0 ,6.0 ,19.0 ,17.0 
19-Aug-19,12.0 ,4.0 ,16.0 ,17.0 
20-Aug-19,10.0 ,5.0 ,15.0 ,15.0 
21-Aug-19,11.0 ,4.0 ,15.0 ,15.0 
22-Aug-19,11.0 ,4.0 ,15.0 ,12.0 
23-Aug-19,12.0 ,5.0 ,17.0 ,14.0 
24-Aug-19,13.0 ,6.0 ,19.0 ,14.0 
25-Aug-19,12.0 ,4.0 ,16.0 ,11.0 
26-Aug-19,21.0 ,4.0 ,25.0 ,14.0 
27-Aug-19,12.0 ,4.0 ,16.0 ,14.0 
28-Aug-19,11.0 ,5.0 ,16.0 ,13.0 
29-Aug-19,10.0 ,6.0 ,16.0 ,15.0 
30-Aug-19,10.0 ,5.0 ,15.0 ,18.0 
31-Aug-19,11.0 ,6.0 ,17.0 ,14.0 
01-Sep-19,10.0 ,6.0 ,16.0 ,12.0 
02-Sep-19,13.0 ,9.0 ,22.0 ,14.0 
03-Sep-19,12.0 ,5.0 ,17.0 ,12.0 
04-Sep-19,9.0 ,5.0 ,14.0 ,13.0 
05-Sep-19,11.0 ,5.0 ,16.0 ,13.0 
06-Sep-19,11.0 ,5.0 ,16.0 ,15.0 
07-Sep-19,13.0 ,6.0 ,19.0 ,11.0 
08-Sep-19,14.0 ,5.0 ,19.0 ,13.0 
09-Sep-19,18.0 ,4.0 ,22.0 ,15.0 
10-Sep-19,13.0 ,4.0 ,17.0 ,16.0 
11-Sep-19,11.0 ,5.0 ,16.0 ,15.0 
12-Sep-19,14.0 ,5.0 ,19.0 ,14.0 
13-Sep-19,11.0 ,7.0 ,18.0 ,13.0 
16-Sep-19,44.0 ,18.0 ,62.0 ,7.0 
17-Sep-19,21.0 ,7.0 ,28.0 ,6.0 
18-Sep-19,14.0 ,5.0 ,19.0 ,7.0 
19-Sep-19,21.0 ,7.0 ,28.0 ,1.0 
20-Sep-19,17.0 ,10.0 ,27.0 ,1.0 
21-Sep-19,15.0 ,9.0 ,24.0 ,8.0 
22-Sep-19,15.0 ,10.0 ,25.0 ,3.0 
23-Sep-19,32.0 ,11.0 ,43.0 ,-1.0 
24-Sep-19,18.0 ,9.0 ,27.0 ,3.0 
25-Sep-19,16.0 ,9.0 ,25.0 ,7.0 
26-Sep-19,19.0 ,8.0 ,27.0 ,3.0 
27-Sep-19,15.0 ,11.0 ,26.0 ,4.0 
28-Sep-19,14.0 ,7.0 ,21.0 ,7.0 
29-Sep-19,20.0 ,8.0 ,28.0 ,11.0 
30-Sep-19,20.0 ,7.0 ,27.0 ,11.0 
01-Oct-19,17.0 ,7.0 ,24.0 ,10.0 
02-Oct-19,15.0 ,8.0 ,23.0 ,5.0 
03-Oct-19,17.0 ,9.0 ,26.0 ,4.0 
04-Oct-19,25.0 ,10.0 ,35.0 ,2.0 
05-Oct-19,20.0 ,12.0 ,32.0 ,-2.0 
06-Oct-19,21.0 ,10.0 ,31.0 ,1.0 
07-Oct-19,28.0 ,10.0 ,38.0 ,2.0 
08-Oct-19,18.0 ,10.0 ,28.0 ,2.0 
09-Oct-19,20.0 ,10.0 ,30.0 ,0.0 
10-Oct-19,20.0 ,10.0 ,30.0 ,4.0 
11-Oct-19,19.0 ,10.0 ,29.0 ,7.0 
12-Oct-19,19.0 ,8.0 ,27.0 ,8.0 
13-Oct-19,14.0 ,10.0 ,24.0 ,8.0 
14-Oct-19,25.0 ,9.0 ,34.0 ,5.0 
15-Oct-19,19.0 ,10.0 ,29.0 ,-3.0 
16-Oct-19,21.0 ,8.0 ,29.0 ,7.0 
17-Oct-19,22.0 ,11.0 ,33.0 ,4.0 
19-Oct-19,39.0 ,18.0 ,57.0 ,11.0 
20-Oct-19,21.0 ,8.0 ,29.0 ,7.0 
21-Oct-19,22.0 ,7.0 ,29.0 ,8.0 
22-Oct-19,18.0 ,9.0 ,27.0 ,7.0 
23-Oct-19,16.0 ,9.0 ,25.0 ,7.0 
24-Oct-19,20.0 ,7.0 ,27.0 ,9.0 
25-Oct-19,24.0 ,8.0 ,32.0 ,8.0 
26-Oct-19,22.0 ,9.0 ,31.0 ,7.0 
27-Oct-19,26.0 ,9.0 ,35.0 ,4.0 
28-Oct-19,29.0 ,11.0 ,40.0 ,0.0 
29-Oct-19,21.0 ,10.0 ,31.0 ,-4.0 
30-Oct-19,32.0 ,13.0 ,45.0 ,-5.0 
31-Oct-19,29.0 ,11.0 ,40.0 ,-1.0 
01-Nov-19,30.0 ,12.0 ,42.0 ,-2.0 
02-Nov-19,25.0 ,12.0 ,37.0 ,2.0 
03-Nov-19,22.0 ,10.0 ,32.0 ,9.0 
04-Nov-19,32.0 ,11.0 ,43.0 ,-1.0 
05-Nov-19,26.0 ,11.0 ,37.0 ,-3.0 
06-Nov-19,30.0 ,12.0 ,42.0 ,-6.0 
07-Nov-19,33.0 ,13.0 ,46.0 ,-3.0 
08-Nov-19,27.0 ,13.0 ,40.0 ,-1.0 
09-Nov-19,30.0 ,11.0 ,41.0 ,5.0 
10-Nov-19,30.0 ,11.0 ,41.0 ,7.0 
11-Nov-19,23.0 ,9.0 ,32.0 ,2.0 
12-Nov-19,21.0 ,10.0 ,31.0 ,-2.0 
13-Nov-19,23.0 ,9.0 ,32.0 ,6.0 
14-Nov-19,23.0 ,7.0 ,30.0 ,8.0 
15-Nov-19,26.0 ,11.0 ,37.0 ,1.0 
16-Nov-19,23.0 ,10.0 ,33.0 ,0.0 
17-Nov-19,24.0 ,9.0 ,33.0 ,6.0 
18-Nov-19,28.0 ,7.0 ,35.0 ,4.0 
19-Nov-19,18.0 ,9.0 ,27.0 ,7.0 
20-Nov-19,31.0 ,8.0 ,39.0 ,6.0 
21-Nov-19,22.0 ,9.0 ,31.0 ,5.0 
22-Nov-19,25.0 ,11.0 ,36.0 ,3.0 
23-Nov-19,29.0 ,11.0 ,40.0 ,0.0 
24-Nov-19,25.0 ,12.0 ,37.0 ,-3.0 
25-Nov-19,31.0 ,11.0 ,42.0 ,-5.0 
26-Nov-19,26.0 ,12.0 ,38.0 ,1.0 
27-Nov-19,26.0 ,11.0 ,37.0 ,2.0 
28-Nov-19,28.0 ,11.0 ,39.0 ,3.0 
29-Nov-19,22.0 ,11.0 ,33.0 ,5.0 
30-Nov-19,36.0 ,10.0 ,46.0 ,-6.0 
01-Dec-19,35.0 ,14.0 ,49.0 ,-5.0 
02-Dec-19,31.0 ,12.0 ,43.0 ,-4.0 
03-Dec-19,26.0 ,12.0 ,38.0 ,-5.0 
04-Dec-19,28.0 ,10.0 ,38.0 ,2.0 
05-Dec-19,28.0 ,11.0 ,39.0 ,5.0 
06-Dec-19,24.0 ,8.0 ,32.0 ,5.0 
07-Dec-19,21.0 ,8.0 ,29.0 ,6.0 
08-Dec-19,18.0 ,13.0 ,31.0 ,1.0 
09-Dec-19,28.0 ,10.0 ,38.0 ,5.0 
10-Dec-19,23.0 ,11.0 ,34.0 ,1.0 
11-Dec-19,28.0 ,13.0 ,41.0 ,-2.0 
12-Dec-19,27.0 ,13.0 ,40.0 ,1.0 
13-Dec-19,30.0 ,10.0 ,40.0 ,2.0 
14-Dec-19,23.0 ,11.0 ,34.0 ,2.0 
16-Dec-19,50.0 ,20.0 ,70.0 ,3.0 
17-Dec-19,24.0 ,12.0 ,36.0 ,4.0 
18-Dec-19,25.0 ,10.0 ,35.0 ,4.0 
19-Dec-19,20.0 ,10.0 ,30.0 ,1.0 
20-Dec-19,34.0 ,12.0 ,46.0 ,2.0 
21-Dec-19,26.0 ,12.0 ,38.0 ,3.0 
22-Dec-19,29.0 ,7.0 ,36.0 ,3.0 
23-Dec-19,18.0 ,17.0 ,35.0 ,3.0 
24-Dec-19,19.0 ,10.0 ,29.0 ,2.0 
25-Dec-19,26.0 ,14.0 ,40.0 ,2.0 
26-Dec-19,30.0 ,13.0 ,43.0 ,1.0 
27-Dec-19,38.0 ,12.0 ,50.0 ,-1.0 
28-Dec-19,28.0 ,14.0 ,42.0 ,-6.0 
29-Dec-19,34.0 ,15.0 ,49.0 ,-2.0 
30-Dec-19,31.0 ,7.0 ,38.0 ,4.0 
07-Jan-20,119.0 ,78.0 ,197.0 ,4.0 
08-Jan-20,27.0 ,11.0 ,38.0 ,5.0 
09-Jan-20,27.0 ,9.0 ,36.0 ,1.0 
10-Jan-20,30.0 ,12.0 ,42.0 ,-4.0 
11-Jan-20,29.0 ,12.0 ,41.0 ,-6.0 
12-Jan-20,32.0 ,12.0 ,44.0 ,5.0 
13-Jan-20,31.0 ,10.0 ,41.0 ,-1.0 
14-Jan-20,23.0 ,12.0 ,35.0 ,1.0 
15-Jan-20,23.0 ,11.0 ,34.0 ,5.0 
16-Jan-20,23.0 ,9.0 ,32.0 ,4.0 
17-Jan-20,22.0 ,10.0 ,32.0 ,1.0 
18-Jan-20,26.0 ,11.0 ,37.0 ,2.0 
19-Jan-20,33.0 ,9.0 ,42.0 ,4.0 
20-Jan-20,28.0 ,11.0 ,39.0 ,2.0 
21-Jan-20,25.0 ,10.0 ,35.0 ,6.0 
22-Jan-20,24.0 ,10.0 ,34.0 ,0.0 
23-Jan-20,26.0 ,14.0 ,40.0 ,-4.0 
24-Jan-20,32.0 ,10.0 ,42.0 ,1.0 
25-Jan-20,26.0 ,12.0 ,38.0 ,-1.0 
26-Jan-20,28.0 ,11.0 ,39.0 ,2.0 
27-Jan-20,30.0 ,12.0 ,42.0 ,-1.0 
28-Jan-20,22.0 ,13.0 ,35.0 ,2.0 
29-Jan-20,26.0 ,11.0 ,37.0 ,1.0 
30-Jan-20,27.0 ,12.0 ,39.0 ,1.0 
31-Jan-20,27.0 ,9.0 ,36.0 ,1.0 
01-Feb-20,25.0 ,10.0 ,35.0 ,2.0 
02-Feb-20,24.0 ,12.0 ,36.0 ,5.0 
03-Feb-20,33.0 ,10.0 ,43.0 ,0.0 
04-Feb-20,24.0 ,12.0 ,36.0 ,-7.0 
05-Feb-20,32.0 ,13.0 ,45.0 ,-6.0 
06-Feb-20,35.0 ,12.0 ,47.0 ,-5.0 
07-Feb-20,32.0 ,16.0 ,48.0 ,-9.0 
08-Feb-20,28.0 ,12.0 ,40.0 ,0.0 
09-Feb-20,24.0 ,10.0 ,34.0 ,3.0 
10-Feb-20,32.0 ,11.0 ,43.0 ,3.0 
11-Feb-20,25.0 ,11.0 ,36.0 ,2.0 
12-Feb-20,29.0 ,11.0 ,40.0 ,1.0 
13-Feb-20,28.0 ,12.0 ,40.0 ,2.0 
14-Feb-20,28.0 ,11.0 ,39.0 ,-3.0 
17-Feb-20,26.0 ,9.0 ,35.0 ,4.0 
19-Feb-20,49.0 ,20.0 ,69.0 ,3.0 
20-Feb-20,25.0 ,13.0 ,38.0 ,1.0 
21-Feb-20,31.0 ,10.0 ,41.0 ,2.0 
22-Feb-20,24.0 ,9.0 ,33.0 ,4.0 
23-Feb-20,31.0 ,10.0 ,41.0 ,1.0 
24-Feb-20,26.0 ,12.0 ,38.0 ,0.0 
25-Feb-20,22.0 ,12.0 ,34.0 ,-5.0 
26-Feb-20,30.0 ,11.0 ,41.0 ,-3.0 
27-Feb-20,30.0 ,12.0 ,42.0 ,-7.0 
28-Feb-20,30.0 ,13.0 ,43.0 ,-6.0 
29-Feb-20,29.0 ,13.0 ,42.0 ,-11.0 
01-Mar-20,31.0 ,11.0 ,42.0 ,0.0 
02-Mar-20,31.0 ,10.0 ,41.0 ,3.0 
03-Mar-20,22.0 ,11.0 ,33.0 ,1.0 
04-Mar-20,27.0 ,12.0 ,39.0 ,1.0 
05-Mar-20,25.0 ,13.0 ,38.0 ,3.0 
06-Mar-20,27.0 ,11.0 ,38.0 ,1.0 
07-Mar-20,24.0 ,13.0 ,37.0 ,-2.0 
08-Mar-20,29.0 ,12.0 ,41.0 ,-4.0 
09-Mar-20,26.0 ,9.0 ,35.0 ,3.0 
10-Mar-20,20.0 ,9.0 ,29.0 ,3.0 
11-Mar-20,28.0 ,11.0 ,39.0 ,3.0 
12-Mar-20,24.0 ,9.0 ,33.0 ,2.0 
13-Mar-20,27.0 ,11.0 ,38.0 ,1.0 
14-Mar-20,24.0 ,9.0 ,33.0 ,-6.0 
15-Mar-20,21.0 ,16.0 ,37.0 ,-4.0 
16-Mar-20,29.0 ,10.0 ,39.0 ,3.0 
17-Mar-20,21.0 ,13.0 ,34.0 ,-6.0 
18-Mar-20,23.0 ,10.0 ,33.0 ,4.0 
19-Mar-20,23.0 ,10.0 ,33.0 ,1.0 
20-Mar-20,22.0 ,11.0 ,33.0 ,0.0 
21-Mar-20,25.0 ,11.0 ,36.0 ,-5.0 
22-Mar-20,25.0 ,13.0 ,38.0 ,-8.0 
23-Mar-20,26.0 ,12.0 ,38.0 ,-3.0 
24-Mar-20,23.0 ,10.0 ,33.0 ,2.0 
25-Mar-20,21.0 ,11.0 ,32.0 ,3.0 
26-Mar-20,23.0 ,11.0 ,34.0 ,2.0 
27-Mar-20,20.0 ,10.0 ,30.0 ,-1.0 
28-Mar-20,24.0 ,12.0 ,36.0 ,1.0 
29-Mar-20,26.0 ,8.0 ,34.0 ,-1.0 
30-Mar-20,27.0 ,13.0 ,40.0 ,-4.0 
31-Mar-20,25.0 ,13.0 ,38.0 ,-8.0 
01-Apr-20,24.0 ,10.0 ,34.0 ,-1.0 
02-Apr-20,26.0 ,11.0 ,37.0 ,3.0 
03-Apr-20,20.0 ,10.0 ,30.0 ,1.0 
04-Apr-20,27.0 ,11.0 ,38.0 ,-2.0 
05-Apr-20,21.0 ,10.0 ,31.0 ,-1.0 
06-Apr-20,35.0 ,11.0 ,46.0 ,3.0 
07-Apr-20,16.0 ,8.0 ,24.0 ,3.0 
08-Apr-20,22.0 ,10.0 ,32.0 ,4.0 
09-Apr-20,18.0 ,8.0 ,26.0 ,5.0 
10-Apr-20,23.0 ,11.0 ,34.0 ,1.0 
11-Apr-20,22.0 ,10.0 ,32.0 ,2.0 
12-Apr-20,28.0 ,11.0 ,39.0 ,3.0 
13-Apr-20,25.0 ,9.0 ,34.0 ,4.0 
14-Apr-20,21.0 ,9.0 ,30.0 ,1.0 
15-Apr-20,29.0 ,8.0 ,37.0 ,0.0 
16-Apr-20,20.0 ,9.0 ,29.0 ,1.0 
17-Apr-20,20.0 ,9.0 ,29.0 ,1.0 
18-Apr-20,32.0 ,9.0 ,41.0 ,3.0 
19-Apr-20,19.0 ,9.0 ,28.0 ,4.0 
20-Apr-20,29.0 ,8.0 ,37.0 ,6.0 
21-Apr-20,21.0 ,7.0 ,28.0 ,6.0 
22-Apr-20,14.0 ,8.0 ,22.0 ,5.0 
23-Apr-20,19.0 ,9.0 ,28.0 ,2.0 
24-Apr-20,18.0 ,8.0 ,26.0 ,5.0 
25-Apr-20,26.0 ,9.0 ,35.0 ,1.0 
26-Apr-20,24.0 ,9.0 ,33.0 ,2.0 
27-Apr-20,19.0 ,9.0 ,28.0 ,4.0 
28-Apr-20,18.0 ,9.0 ,27.0 ,4.0 
29-Apr-20,17.0 ,7.0 ,24.0 ,1.0 
30-Apr-20,21.0 ,12.0 ,33.0 ,-1.0 
01-May-20,28.0 ,9.0 ,37.0 ,4.0 
02-May-20,16.0 ,6.0 ,22.0 ,8.0 
03-May-20,14.0 ,7.0 ,21.0 ,8.0 
04-May-20,21.0 ,7.0 ,28.0 ,7.0 
05-May-20,16.0 ,7.0 ,23.0 ,6.0 
06-May-20,16.0 ,6.0 ,22.0 ,9.0 
07-May-20,19.0 ,9.0 ,28.0 ,6.0 
08-May-20,19.0 ,9.0 ,28.0 ,6.0 
09-May-20,27.0 ,10.0 ,37.0 ,12.0 
10-May-20,16.0 ,6.0 ,22.0 ,1.0 
11-May-20,9.0 ,12.0 ,21.0 ,10.0 
12-May-20,20.0 ,8.0 ,28.0 ,2.0 
13-May-20,17.0 ,8.0 ,25.0 ,5.0 
14-May-20,29.0 ,9.0 ,38.0 ,6.0 
15-May-20,26.0 ,8.0 ,34.0 ,2.0 
16-May-20,22.0 ,8.0 ,30.0 ,5.0 
17-May-20,20.0 ,9.0 ,29.0 ,5.0 
18-May-20,15.0 ,8.0 ,23.0 ,2.0 
19-May-20,23.0 ,9.0 ,32.0 ,7.0 
20-May-20,26.0 ,8.0 ,34.0 ,5.0 
21-May-20,24.0 ,7.0 ,31.0 ,9.0 
22-May-20,15.0 ,6.0 ,21.0 ,10.0 
23-May-20,14.0 ,8.0 ,22.0 ,11.0 
24-May-20,22.0 ,9.0 ,31.0 ,11.0 
25-May-20,16.0 ,6.0 ,22.0 ,12.0 
26-May-20,17.0 ,5.0 ,22.0 ,14.0 
27-May-20,11.0 ,4.0 ,15.0 ,14.0 
28-May-20,13.0 ,3.0 ,16.0 ,12.0 
29-May-20,13.0 ,4.0 ,17.0 ,12.0 
30-May-20,19.0 ,3.0 ,22.0 ,14.0 
31-May-20,13.0 ,5.0 ,18.0 ,15.0 
01-Jun-20,19.0 ,4.0 ,23.0 ,14.0 
02-Jun-20,13.0 ,4.0 ,17.0 ,11.0 
03-Jun-20,17.0 ,6.0 ,23.0 ,8.0 
05-Jun-20,19.0 ,10.0 ,29.0 ,13.0 
06-Jun-20,15.0 ,4.0 ,19.0 ,13.0 
07-Jun-20,19.0 ,7.0 ,26.0 ,13.0 
08-Jun-20,18.0 ,6.0 ,24.0 ,16.0 
09-Jun-20,11.0 ,6.0 ,17.0 ,14.0 
10-Jun-20,11.0 ,4.0 ,15.0 ,15.0 
11-Jun-20,12.0 ,3.0 ,15.0 ,16.0 
12-Jun-20,12.0 ,4.0 ,16.0 ,16.0 
13-Jun-20,12.0 ,5.0 ,17.0 ,16.0 
14-Jun-20,14.0 ,3.0 ,17.0 ,15.0 
15-Jun-20,11.0 ,5.0 ,16.0 ,14.0 
16-Jun-20,13.0 ,4.0 ,17.0 ,21.0 
17-Jun-20,18.0 ,5.0 ,23.0 ,19.0 
18-Jun-20,11.0 ,10.0 ,21.0 ,19.0 
21-Jun-20,22.0 ,9.0 ,31.0 ,16.0 
22-Jun-20,14.0 ,4.0 ,18.0 ,15.0 
23-Jun-20,10.0 ,5.0 ,15.0 ,16.0 
24-Jun-20,13.0 ,5.0 ,18.0 ,16.0 
25-Jun-20,4.0 ,13.0 ,17.0 ,17.0 
26-Jun-20,14.0 ,8.0 ,22.0 ,20.0 
27-Jun-20,16.0 ,4.0 ,20.0 ,21.0 
28-Jun-20,12.0 ,4.0 ,16.0 ,21.0 
29-Jun-20,13.0 ,3.0 ,16.0 ,18.0 
30-Jun-20,13.0 ,3.0 ,16.0 ,17.0 
01-Jul-20,11.0 ,4.0 ,15.0 ,23.0 
02-Jul-20,11.0 ,3.0 ,14.0 ,15.0 
03-Jul-20,18.0 ,5.0 ,23.0 ,16.0 
04-Jul-20,13.0 ,4.0 ,17.0 ,17.0 
05-Jul-20,21.0 ,5.0 ,26.0 ,14.0 
06-Jul-20,11.0 ,7.0 ,18.0 ,16.0 
07-Jul-20,10.0 ,5.0 ,15.0 ,14.0 
08-Jul-20,17.0 ,3.0 ,20.0 ,14.0 
09-Jul-20,14.0 ,3.0 ,17.0 ,13.0 
10-Jul-20,20.0 ,4.0 ,24.0 ,14.0 
11-Jul-20,10.0 ,4.0 ,14.0 ,13.0 
12-Jul-20,19.0 ,4.0 ,23.0 ,11.0 
16-Jul-20,37.0 ,14.0 ,51.0 ,14.0 
17-Jul-20,12.0 ,3.0 ,15.0 ,17.0 
18-Jul-20,17.0 ,4.0 ,21.0 ,19.0 
19-Jul-20,9.0 ,4.0 ,13.0 ,19.0 
20-Jul-20,12.0 ,9.0 ,21.0 ,20.0 
21-Jul-20,12.0 ,3.0 ,15.0 ,18.0 
22-Jul-20,11.0 ,3.0 ,14.0 ,15.0 
23-Jul-20,16.0 ,5.0 ,21.0 ,13.0 
24-Jul-20,14.0 ,4.0 ,18.0 ,13.0 
25-Jul-20,16.0 ,3.0 ,19.0 ,15.0 
26-Jul-20,13.0 ,4.0 ,17.0 ,14.0 
29-Jul-20,24.0 ,9.0 ,33.0 ,17.0 
30-Jul-20,13.0 ,3.0 ,16.0 ,14.0 
31-Jul-20,22.0 ,5.0 ,27.0 ,14.0 
05-Aug-20,36.0 ,17.0 ,53.0 ,15.0 
06-Aug-20,32.0 ,7.0 ,39.0 ,16.0 
07-Aug-20,22.0 ,12.0 ,34.0 ,17.0 
08-Aug-20,17.0 ,3.0 ,20.0 ,17.0 
09-Aug-20,16.0 ,4.0 ,20.0 ,18.0 
10-Aug-20,15.0 ,9.0 ,24.0 ,17.0 
11-Aug-20,10.0 ,6.0 ,16.0 ,13.0 
12-Aug-20,19.0 ,3.0 ,22.0 ,11.0 
13-Aug-20,12.0 ,5.0 ,17.0 ,14.0 
14-Aug-20,12.0 ,3.0 ,15.0 ,14.0 
15-Aug-20,12.0 ,5.0 ,17.0 ,16.0 
16-Aug-20,14.0 ,4.0 ,18.0 ,19.0 
17-Aug-20,9.0 ,8.0 ,17.0 ,11.0 
18-Aug-20,10.0 ,4.0 ,14.0 ,11.0 
19-Aug-20,11.0 ,4.0 ,15.0 ,15.0 
20-Aug-20,14.0 ,7.0 ,21.0 ,12.0 
21-Aug-20,12.0 ,3.0 ,15.0 ,14.0 
22-Aug-20,11.0 ,4.0 ,15.0 ,18.0 
23-Aug-20,17.0 ,5.0 ,22.0 ,18.0 
24-Aug-20,12.0 ,3.0 ,15.0 ,15.0 
25-Aug-20,10.0 ,3.0 ,13.0 ,13.0 
26-Aug-20,21.0 ,4.0 ,25.0 ,9.0 
27-Aug-20,14.0 ,4.0 ,18.0 ,10.0 
28-Aug-20,19.0 ,5.0 ,24.0 ,7.0 
29-Aug-20,18.0 ,3.0 ,21.0 ,8.0 
31-Aug-20,14.0 ,10.0 ,24.0 ,13.0 
01-Sep-20,14.0 ,4.0 ,18.0 ,8.0 
02-Sep-20,16.0 ,7.0 ,23.0 ,8.0 
03-Sep-20,17.0 ,3.0 ,20.0 ,15.0 
04-Sep-20,24.0 ,4.0 ,28.0 ,15.0 
05-Sep-20,19.0 ,4.0 ,23.0 ,15.0 
06-Sep-20,21.0 ,3.0 ,24.0 ,13.0 
07-Sep-20,17.0 ,4.0 ,21.0 ,10.0 
08-Sep-20,13.0 ,3.0 ,16.0 ,8.0 
09-Sep-20,15.0 ,4.0 ,19.0 ,9.0 
10-Sep-20,23.0 ,4.0 ,27.0 ,12.0 
11-Sep-20,13.0 ,4.0 ,17.0 ,8.0 
12-Sep-20,20.0 ,7.0 ,27.0 ,12.0 
13-Sep-20,16.0 ,5.0 ,21.0 ,11.0 
14-Sep-20,26.0 ,6.0 ,32.0 ,8.0 
15-Sep-20,14.0 ,4.0 ,18.0 ,10.0 
16-Sep-20,21.0 ,5.0 ,26.0 ,13.0 
17-Sep-20,19.0 ,4.0 ,23.0 ,8.0 
18-Sep-20,29.0 ,10.0 ,39.0 ,6.0 
19-Sep-20,13.0 ,8.0 ,21.0 ,8.0 
20-Sep-20,12.0 ,8.0 ,20.0 ,5.0 
21-Sep-20,24.0 ,7.0 ,31.0 ,9.0 
22-Sep-20,15.0 ,5.0 ,20.0 ,12.0 
23-Sep-20,15.0 ,8.0 ,23.0 ,11.0 
24-Sep-20,21.0 ,6.0 ,27.0 ,10.0 
25-Sep-20,15.0 ,5.0 ,20.0 ,13.0 
26-Sep-20,14.0 ,5.0 ,19.0 ,13.0 
27-Sep-20,18.0 ,5.0 ,23.0 ,11.0 
28-Sep-20,23.0 ,5.0 ,28.0 ,10.0 
29-Sep-20,14.0 ,5.0 ,19.0 ,13.0 
30-Sep-20,14.0 ,6.0 ,20.0 ,13.0 
01-Oct-20,42.0 ,12.0 ,54.0 ,8.0 
02-Oct-20,21.0 ,7.0 ,28.0 ,9.0 
03-Oct-20,0.0 ,0.0 ,0.0 ,9.0 
04-Oct-20,14.0 ,6.0 ,20.0 ,13.0 
05-Oct-20,26.0 ,6.0 ,32.0 ,13.0 
06-Oct-20,12.0 ,5.0 ,17.0 ,14.0 
07-Oct-20,13.0 ,5.0 ,18.0 ,11.0 
08-Oct-20,16.0 ,6.0 ,22.0 ,12.0 
09-Oct-20,18.0 ,4.0 ,22.0 ,12.0 
10-Oct-20,20.0 ,8.0 ,28.0 ,7.0 
11-Oct-20,21.0 ,8.0 ,29.0 ,11.0 
12-Oct-20,19.0 ,9.0 ,28.0 ,6.0 
13-Oct-20,13.0 ,9.0 ,22.0 ,7.0 
14-Oct-20,17.0 ,11.0 ,28.0 ,4.0 
15-Oct-20,19.0 ,8.0 ,27.0 ,4.0 
16-Oct-20,22.0 ,10.0 ,32.0 ,2.0 
18-Oct-20,40.0 ,23.0 ,63.0 ,5.0 
19-Oct-20,24.0 ,10.0 ,34.0 ,2.0 
20-Oct-20,21.0 ,10.0 ,31.0 ,-1.0 
21-Oct-20,20.0 ,11.0 ,31.0 ,2.0 
22-Oct-20,20.0 ,9.0 ,29.0 ,9.0 
23-Oct-20,21.0 ,7.0 ,28.0 ,10.0 
24-Oct-20,19.0 ,9.0 ,28.0 ,-1.0 
25-Oct-20,17.0 ,10.0 ,27.0 ,4.0 
26-Oct-20,18.0 ,10.0 ,28.0 ,10.0 
27-Oct-20,17.0 ,7.0 ,24.0 ,10.0 
28-Oct-20,20.0 ,9.0 ,29.0 ,9.0 
29-Oct-20,24.0 ,9.0 ,33.0 ,9.0 
30-Oct-20,19.0 ,7.0 ,26.0 ,7.0 
31-Oct-20,27.0 ,9.0 ,36.0 ,6.0 
01-Nov-20,18.0 ,8.0 ,26.0 ,8.0 
02-Nov-20,19.0 ,8.0 ,27.0 ,7.0 
03-Nov-20,20.0 ,11.0 ,31.0 ,11.0 
04-Nov-20,16.0 ,8.0 ,24.0 ,5.0 
05-Nov-20,25.0 ,10.0 ,35.0 ,4.0 
06-Nov-20,20.0 ,9.0 ,29.0 ,4.0 
07-Nov-20,21.0 ,8.0 ,29.0 ,5.0 
08-Nov-20,20.0 ,7.0 ,27.0 ,4.0 
09-Nov-20,21.0 ,9.0 ,30.0 ,2.0 
10-Nov-20,22.0 ,10.0 ,32.0 ,1.0 
11-Nov-20,26.0 ,10.0 ,36.0 ,2.0 
12-Nov-20,25.0 ,9.0 ,34.0 ,6.0 
13-Nov-20,24.0 ,8.0 ,32.0 ,5.0 
14-Nov-20,25.0 ,9.0 ,34.0 ,4.0 
15-Nov-20,24.0 ,9.0 ,33.0 ,4.0 
16-Nov-20,26.0 ,9.0 ,35.0 ,4.0 
17-Nov-20,23.0 ,10.0 ,33.0 ,5.0 
18-Nov-20,25.0 ,9.0 ,34.0 ,9.0 
19-Nov-20,28.0 ,8.0 ,36.0 ,10.0 
20-Nov-20,24.0 ,10.0 ,34.0 ,0.0 
21-Nov-20,28.0 ,10.0 ,38.0 ,-4.0 
22-Nov-20,32.0 ,10.0 ,42.0 ,5.0 
23-Nov-20,23.0 ,9.0 ,32.0 ,3.0 
24-Nov-20,22.0 ,10.0 ,32.0 ,2.0 
25-Nov-20,28.0 ,10.0 ,38.0 ,0.0 
26-Nov-20,29.0 ,9.0 ,38.0 ,7.0 
27-Nov-20,33.0 ,10.0 ,43.0 ,0.0 
28-Nov-20,26.0 ,12.0 ,38.0 ,1.0 
29-Nov-20,24.0 ,11.0 ,35.0 ,1.0 
30-Nov-20,35.0 ,11.0 ,46.0 ,0.0 
01-Dec-20,22.0 ,12.0 ,34.0 ,2.0 
02-Dec-20,21.0 ,10.0 ,31.0 ,3.0 
03-Dec-20,32.0 ,11.0 ,43.0 ,0.0 
04-Dec-20,33.0 ,11.0 ,44.0 ,1.0 
05-Dec-20,27.0 ,10.0 ,37.0 ,3.0 
06-Dec-20,22.0 ,12.0 ,34.0 ,4.0 
07-Dec-20,26.0 ,12.0 ,38.0 ,0.0 
08-Dec-20,21.0 ,14.0 ,35.0 ,-3.0 
09-Dec-20,24.0 ,13.0 ,37.0 ,-4.0 
10-Dec-20,30.0 ,14.0 ,44.0 ,-3.0 
11-Dec-20,37.0 ,11.0 ,48.0 ,-3.0 
12-Dec-20,28.0 ,12.0 ,40.0 ,2.0 
13-Dec-20,24.0 ,12.0 ,36.0 ,-2.0 
14-Dec-20,34.0 ,10.0 ,44.0 ,-2.0 
15-Dec-20,30.0 ,13.0 ,43.0 ,0.0 
16-Dec-20,31.0 ,10.0 ,41.0 ,2.0 
17-Dec-20,22.0 ,10.0 ,32.0 ,3.0 
18-Dec-20,26.0 ,10.0 ,36.0 ,3.0 
19-Dec-20,33.0 ,12.0 ,45.0 ,2.0 
20-Dec-20,25.0 ,9.0 ,34.0 ,6.0 
21-Dec-20,29.0 ,10.0 ,39.0 ,4.0 
22-Dec-20,25.0 ,9.0 ,34.0 ,5.0 
23-Dec-20,33.0 ,10.0 ,43.0 ,1.0 
24-Dec-20,23.0 ,12.0 ,35.0 ,1.0 
25-Dec-20,33.0 ,12.0 ,45.0 ,0.0 
26-Dec-20,24.0 ,13.0 ,37.0 ,-1.0 
28-Dec-20,51.0 ,23.0 ,74.0 ,-1.0 
29-Dec-20,28.0 ,10.0 ,38.0 ,0.0 
30-Dec-20,26.0 ,11.0 ,37.0 ,1.0 
31-Dec-20,24.0 ,11.0 ,35.0 ,2.0 
01-Jan-21,32.0 ,12.0 ,44.0 ,2.0 
02-Jan-21,21.0 ,10.0 ,31.0 ,0.0 
03-Jan-21,27.0 ,12.0 ,39.0 ,-3.0 
04-Jan-21,29.0 ,13.0 ,42.0 ,-2.0 
05-Jan-21,27.0 ,11.0 ,38.0 ,-3.0 
06-Jan-21,29.0 ,13.0 ,42.0 ,-4.0 
07-Jan-21,39.0 ,13.0 ,52.0 ,-2.0 
08-Jan-21,36.0 ,13.0 ,49.0 ,-3.0 
09-Jan-21,38.0 ,14.0 ,52.0 ,-7.0 
10-Jan-21,32.0 ,16.0 ,48.0 ,-9.0 
11-Jan-21,36.0 ,11.0 ,47.0 ,0.0 
12-Jan-21,24.0 ,15.0 ,39.0 ,-1.0 
13-Jan-21,32.0 ,12.0 ,44.0 ,-5.0 
14-Jan-21,34.0 ,15.0 ,49.0 ,-12.0 
15-Jan-21,40.0 ,20.0 ,60.0 ,-23.0 
16-Jan-21,55.0 ,20.0 ,75.0 ,-17.0 
17-Jan-21,44.0 ,22.0 ,66.0 ,-17.0 
18-Jan-21,49.0 ,19.0 ,68.0 ,-13.0 
19-Jan-21,33.0 ,14.0 ,47.0 ,-2.0 
20-Jan-21,31.0 ,14.0 ,45.0 ,-7.0 
21-Jan-21,35.0 ,15.0 ,50.0 ,-5.0 
22-Jan-21,30.0 ,11.0 ,41.0 ,0.0 
23-Jan-21,32.0 ,12.0 ,44.0 ,2.0 
24-Jan-21,36.0 ,10.0 ,46.0 ,1.0 
25-Jan-21,28.0 ,11.0 ,39.0 ,1.0 
26-Jan-21,24.0 ,10.0 ,34.0 ,0.0 
27-Jan-21,26.0 ,10.0 ,36.0 ,1.0 
28-Jan-21,33.0 ,12.0 ,45.0 ,-3.0 
29-Jan-21,28.0 ,12.0 ,40.0 ,-5.0 
30-Jan-21,36.0 ,14.0 ,50.0 ,-6.0 
31-Jan-21,29.0 ,14.0 ,43.0 ,-7.0 
01-Feb-21,37.0 ,16.0 ,53.0 ,-10.0 
02-Feb-21,37.0 ,15.0 ,52.0 ,-8.0 
03-Feb-21,34.0 ,13.0 ,47.0 ,-6.0 
04-Feb-21,32.0 ,17.0 ,49.0 ,-16.0 
05-Feb-21,39.0 ,21.0 ,60.0 ,-17.0 
06-Feb-21,52.0 ,23.0 ,75.0 ,-18.0 
07-Feb-21,41.0 ,20.0 ,61.0 ,-12.0 
08-Feb-21,54.0 ,18.0 ,72.0 ,-8.0 
09-Feb-21,46.0 ,18.0 ,64.0 ,-12.0 
10-Feb-21,42.0 ,22.0 ,64.0 ,-18.0 
11-Feb-21,40.0 ,21.0 ,61.0 ,-18.0 
12-Feb-21,40.0 ,21.0 ,61.0 ,-21.0 
13-Feb-21,50.0 ,19.0 ,69.0 ,-8.0 
14-Feb-21,36.0 ,18.0 ,54.0 ,-7.0 
15-Feb-21,44.0 ,18.0 ,62.0 ,-13.0 
16-Feb-21,33.0 ,17.0 ,50.0 ,-4.0 
17-Feb-21,39.0 ,19.0 ,58.0 ,-17.0 
18-Feb-21,39.0 ,20.0 ,59.0 ,-22.0 
19-Feb-21,47.0 ,17.0 ,64.0 ,-8.0 
20-Feb-21,38.0 ,17.0 ,55.0 ,-5.0 
21-Feb-21,34.0 ,12.0 ,46.0 ,2.0 
22-Feb-21,28.0 ,13.0 ,41.0 ,-6.0 
24-Feb-21,51.0 ,25.0 ,76.0 ,-3.0 
27-Feb-21,74.0 ,32.0 ,106.0 ,-1.0 
28-Feb-21,21.0 ,10.0 ,31.0 ,2.0 
01-Mar-21,30.0 ,11.0 ,41.0 ,0.0 
02-Mar-21,26.0 ,10.0 ,36.0 ,1.0 
03-Mar-21,22.0 ,11.0 ,33.0 ,-2.0 
04-Mar-21,25.0 ,11.0 ,36.0 ,-4.0 
05-Mar-21,28.0 ,14.0 ,42.0 ,-9.0 
06-Mar-21,34.0 ,14.0 ,48.0 ,-5.0 
07-Mar-21,32.0 ,14.0 ,46.0 ,-5.0 
08-Mar-21,40.0 ,14.0 ,54.0 ,-9.0 
09-Mar-21,25.0 ,15.0 ,40.0 ,-7.0 
10-Mar-21,33.0 ,18.0 ,51.0 ,-17.0 
11-Mar-21,40.0 ,16.0 ,56.0 ,-8.0 
12-Mar-21,30.0 ,14.0 ,44.0 ,-2.0 
13-Mar-21,35.0 ,11.0 ,46.0 ,1.0 
14-Mar-21,24.0 ,10.0 ,34.0 ,2.0 
15-Mar-21,28.0 ,11.0 ,39.0 ,1.0 
16-Mar-21,27.0 ,10.0 ,37.0 ,0.0 
17-Mar-21,25.0 ,11.0 ,36.0 ,-1.0 
18-Mar-21,31.0 ,13.0 ,44.0 ,-5.0 
19-Mar-21,30.0 ,15.0 ,45.0 ,-8.0 
20-Mar-21,25.0 ,15.0 ,40.0 ,-5.0 
21-Mar-21,28.0 ,12.0 ,40.0 ,1.0 
22-Mar-21,30.0 ,12.0 ,42.0 ,-5.0 
23-Mar-21,28.0 ,13.0 ,41.0 ,-4.0 
24-Mar-21,23.0 ,10.0 ,33.0 ,2.0 
25-Mar-21,29.0 ,11.0 ,40.0 ,2.0 
26-Mar-21,30.0 ,10.0 ,40.0 ,2.0 
27-Mar-21,24.0 ,10.0 ,34.0 ,3.0 
28-Mar-21,21.0 ,8.0 ,29.0 ,3.0 
29-Mar-21,27.0 ,10.0 ,37.0 ,2.0 
30-Mar-21,17.0 ,9.0 ,26.0 ,4.0 
31-Mar-21,25.0 ,9.0 ,34.0 ,3.0 
01-Apr-21,22.0 ,9.0 ,31.0 ,-1.0 
02-Apr-21,30.0 ,10.0 ,40.0 ,2.0 
03-Apr-21,24.0 ,11.0 ,35.0 ,2.0 
04-Apr-21,25.0 ,9.0 ,34.0 ,1.0 
06-Apr-21,42.0 ,21.0 ,63.0 ,0.0 
07-Apr-21,22.0 ,11.0 ,33.0 ,2.0 
08-Apr-21,25.0 ,11.0 ,36.0 ,0.0 
09-Apr-21,27.0 ,10.0 ,37.0 ,1.0 
10-Apr-21,25.0 ,11.0 ,36.0 ,3.0 
11-Apr-21,25.0 ,10.0 ,35.0 ,2.0 
12-Apr-21,26.0 ,9.0 ,35.0 ,6.0 
13-Apr-21,14.0 ,7.0 ,21.0 ,6.0 
14-Apr-21,19.0 ,9.0 ,28.0 ,2.0 
15-Apr-21,27.0 ,10.0 ,37.0 ,-1.0 
16-Apr-21,19.0 ,9.0 ,28.0 ,2.0 
17-Apr-21,18.0 ,9.0 ,27.0 ,6.0 
18-Apr-21,19.0 ,8.0 ,27.0 ,7.0 
19-Apr-21,17.0 ,7.0 ,24.0 ,7.0 
20-Apr-21,14.0 ,9.0 ,23.0 ,1.0 
21-Apr-21,17.0 ,8.0 ,25.0 ,4.0 
22-Apr-21,23.0 ,9.0 ,32.0 ,2.0 
23-Apr-21,19.0 ,10.0 ,29.0 ,2.0 
24-Apr-21,29.0 ,9.0 ,38.0 ,2.0 
25-Apr-21,21.0 ,9.0 ,30.0 ,3.0 
26-Apr-21,28.0 ,11.0 ,39.0 ,3.0 
27-Apr-21,20.0 ,9.0 ,29.0 ,3.0 
28-Apr-21,21.0 ,10.0 ,31.0 ,2.0 
29-Apr-21,29.0 ,9.0 ,38.0 ,1.0 
30-Apr-21,25.0 ,10.0 ,35.0 ,2.0 
01-May-21,24.0 ,9.0 ,33.0 ,3.0 
03-May-21,38.0 ,19.0 ,57.0 ,3.0 
04-May-21,23.0 ,8.0 ,31.0 ,6.0 
05-May-21,18.0 ,9.0 ,27.0 ,4.0 
06-May-21,24.0 ,8.0 ,32.0 ,5.0 
07-May-21,20.0 ,9.0 ,29.0 ,4.0 
08-May-21,19.0 ,9.0 ,28.0 ,4.0 
09-May-21,22.0 ,9.0 ,31.0 ,4.0 
10-May-21,17.0 ,7.0 ,24.0 ,9.0 
11-May-21,16.0 ,8.0 ,24.0 ,13.0 
12-May-21,13.0 ,4.0 ,17.0 ,15.0 
13-May-21,15.0 ,7.0 ,22.0 ,17.0 
14-May-21,11.0 ,3.0 ,14.0 ,13.0 
15-May-21,21.0 ,5.0 ,26.0 ,14.0 
16-May-21,14.0 ,5.0 ,19.0 ,14.0 
17-May-21,13.0 ,5.0 ,18.0 ,14.0 
18-May-21,17.0 ,5.0 ,22.0 ,11.0 
19-May-21,14.0 ,5.0 ,19.0 ,13.0 
20-May-21,15.0 ,5.0 ,20.0 ,10.0 
21-May-21,11.0 ,7.0 ,18.0 ,10.0 
22-May-21,17.0 ,8.0 ,25.0 ,9.0 
23-May-21,17.0 ,8.0 ,25.0 ,10.0 
24-May-21,14.0 ,7.0 ,21.0 ,10.0 
25-May-21,15.0 ,6.0 ,21.0 ,10.0 
26-May-21,15.0 ,6.0 ,21.0 ,11.0 
27-May-21,23.0 ,8.0 ,31.0 ,9.0 
28-May-21,18.0 ,7.0 ,25.0 ,10.0 
29-May-21,16.0 ,7.0 ,23.0 ,9.0 
30-May-21,15.0 ,9.0 ,24.0 ,10.0 
31-May-21,21.0 ,8.0 ,29.0 ,11.0 
01-Jun-21,12.0 ,6.0 ,18.0 ,11.0 
02-Jun-21,21.0 ,6.0 ,27.0 ,13.0 
03-Jun-21,11.0 ,4.0 ,15.0 ,15.0 
04-Jun-21,13.0 ,4.0 ,17.0 ,15.0 
05-Jun-21,11.0 ,5.0 ,16.0 ,15.0 
06-Jun-21,13.0 ,4.0 ,17.0 ,18.0 
07-Jun-21,8.0 ,4.0 ,12.0 ,17.0 
08-Jun-21,10.0 ,5.0 ,15.0 ,18.0 
09-Jun-21,16.0 ,4.0 ,20.0 ,14.0 
14-Jun-21,54.0 ,25.0 ,79.0 ,13.0 
15-Jun-21,12.0 ,5.0 ,17.0 ,15.0 
16-Jun-21,14.0 ,6.0 ,20.0 ,14.0 
17-Jun-21,17.0 ,4.0 ,21.0 ,14.0 
20-Jun-21,35.0 ,10.0 ,45.0 ,22.0 
21-Jun-21,9.0 ,9.0 ,18.0 ,20.0 
22-Jun-21,12.0 ,8.0 ,20.0 ,22.0 
23-Jun-21,14.0 ,8.0 ,22.0 ,23.0 
24-Jun-21,17.0 ,8.0 ,25.0 ,19.0 
25-Jun-21,16.0 ,5.0 ,21.0 ,19.0 
26-Jun-21,12.0 ,5.0 ,17.0 ,22.0 
27-Jun-21,14.0 ,6.0 ,20.0 ,21.0 
28-Jun-21,13.0 ,4.0 ,17.0 ,19.0 
29-Jun-21,9.0 ,6.0 ,15.0 ,16.0 
30-Jun-21,14.0 ,5.0 ,19.0 ,19.0 
01-Jul-21,16.0 ,5.0 ,21.0 ,17.0 
04-Jul-21,38.0 ,19.0 ,57.0 ,20.0 
05-Jul-21,11.0 ,6.0 ,17.0 ,22.0 
06-Jul-21,13.0 ,4.0 ,17.0 ,21.0 
07-Jul-21,12.0 ,4.0 ,16.0 ,20.0 
08-Jul-21,15.0 ,11.0 ,26.0 ,24.0 
09-Jul-21,12.0 ,4.0 ,16.0 ,18.0 
10-Jul-21,16.0 ,6.0 ,22.0 ,24.0 
12-Jul-21,20.0 ,12.0 ,32.0 ,18.0 
13-Jul-21,13.0 ,4.0 ,17.0 ,20.0 
14-Jul-21,13.0 ,7.0 ,20.0 ,20.0 
15-Jul-21,12.0 ,9.0 ,21.0 ,22.0 
16-Jul-21,18.0 ,9.0 ,27.0 ,23.0 
17-Jul-21,15.0 ,5.0 ,20.0 ,18.0 
18-Jul-21,13.0 ,5.0 ,18.0 ,22.0 
19-Jul-21,13.0 ,5.0 ,18.0 ,16.0 
20-Jul-21,11.0 ,7.0 ,18.0 ,13.0 
25-Jul-21,72.0 ,21.0 ,93.0 ,17.0 
26-Jul-21,11.0 ,4.0 ,15.0 ,18.0 
03-Aug-21,68.0 ,33.0 ,101.0 ,16.0 
04-Aug-21,17.0 ,5.0 ,22.0 ,13.0 
05-Aug-21,20.0 ,6.0 ,26.0 ,12.0 
06-Aug-21,12.0 ,5.0 ,17.0 ,10.0 
07-Aug-21,17.0 ,5.0 ,22.0 ,16.0 
08-Aug-21,18.0 ,3.0 ,21.0 ,17.0 
10-Aug-21,15.0 ,11.0 ,26.0 ,17.0 
11-Aug-21,11.0 ,5.0 ,16.0 ,14.0 
12-Aug-21,12.0 ,3.0 ,15.0 ,16.0 
13-Aug-21,13.0 ,4.0 ,17.0 ,14.0 
14-Aug-21,17.0 ,4.0 ,21.0 ,18.0 
15-Aug-21,10.0 ,5.0 ,15.0 ,15.0 
16-Aug-21,17.0 ,5.0 ,22.0 ,12.0 
17-Aug-21,17.0 ,4.0 ,21.0 ,16.0 
18-Aug-21,21.0 ,5.0 ,26.0 ,15.0 
19-Aug-21,15.0 ,5.0 ,20.0 ,14.0 
20-Aug-21,12.0 ,5.0 ,17.0 ,13.0 
21-Aug-21,12.0 ,5.0 ,17.0 ,14.0 
22-Aug-21,16.0 ,6.0 ,22.0 ,13.0 
23-Aug-21,13.0 ,5.0 ,18.0 ,11.0 
24-Aug-21,17.0 ,8.0 ,25.0 ,10.0 
25-Aug-21,12.0 ,8.0 ,20.0 ,12.0 
26-Aug-21,21.0 ,6.0 ,27.0 ,12.0 
27-Aug-21,13.0 ,6.0 ,19.0 ,12.0 
28-Aug-21,24.0 ,6.0 ,30.0 ,14.0 
29-Aug-21,15.0 ,6.0 ,21.0 ,14.0 
30-Aug-21,16.0 ,5.0 ,21.0 ,11.0 
31-Aug-21,15.0 ,8.0 ,23.0 ,8.0 
01-Sep-21,20.0 ,6.0 ,26.0 ,10.0 
02-Sep-21,17.0 ,7.0 ,24.0 ,6.0 
03-Sep-21,16.0 ,6.0 ,22.0 ,9.0 
04-Sep-21,25.0 ,10.0 ,35.0 ,6.0 
05-Sep-21,19.0 ,14.0 ,33.0 ,4.0 
06-Sep-21,17.0 ,8.0 ,25.0 ,9.0 
07-Sep-21,15.0 ,12.0 ,27.0 ,6.0 
08-Sep-21,27.0 ,9.0 ,36.0 ,12.0 
12-Sep-21,74.0 ,28.0 ,102.0 ,14.0 
13-Sep-21,26.0 ,7.0 ,33.0 ,14.0 
14-Sep-21,22.0 ,11.0 ,33.0 ,8.0 
15-Sep-21,28.0 ,11.0 ,39.0 ,4.0 
16-Sep-21,24.0 ,11.0 ,35.0 ,7.0 
17-Sep-21,21.0 ,12.0 ,33.0 ,6.0 
18-Sep-21,30.0 ,10.0 ,40.0 ,7.0 
19-Sep-21,27.0 ,13.0 ,40.0 ,8.0 
20-Sep-21,21.0 ,12.0 ,33.0 ,6.0 
21-Sep-21,28.0 ,16.0 ,44.0 ,5.0 
22-Sep-21,34.0 ,17.0 ,51.0 ,1.0 
23-Sep-21,24.0 ,15.0 ,39.0 ,5.0 
24-Sep-21,19.0 ,12.0 ,31.0 ,8.0 
25-Sep-21,32.0 ,11.0 ,43.0 ,9.0 
26-Sep-21,24.0 ,10.0 ,34.0 ,7.0 
27-Sep-21,22.0 ,13.0 ,35.0 ,4.0 
28-Sep-21,18.0 ,14.0 ,32.0 ,3.0 
29-Sep-21,28.0 ,11.0 ,39.0 ,8.0 
30-Sep-21,18.0 ,10.0 ,28.0 ,9.0 
01-Oct-21,20.0 ,11.0 ,31.0 ,8.0 
02-Oct-21,26.0 ,8.0 ,34.0 ,10.0 
03-Oct-21,25.0 ,11.0 ,36.0 ,8.0 
04-Oct-21,19.0 ,9.0 ,28.0 ,8.0 
05-Oct-21,12.0 ,8.0 ,20.0 ,10.0 
09-Oct-21,75.0 ,31.0 ,106.0 ,12.0 
10-Oct-21,15.0 ,8.0 ,23.0 ,11.0 
11-Oct-21,16.0 ,11.0 ,27.0 ,10.0 
12-Oct-21,23.0 ,10.0 ,33.0 ,8.0 
13-Oct-21,20.0 ,12.0 ,32.0 ,7.0 
14-Oct-21,29.0 ,15.0 ,44.0 ,1.0 
15-Oct-21,28.0 ,12.0 ,40.0 ,8.0 
16-Oct-21,22.0 ,14.0 ,36.0 ,3.0 
23-Oct-21,129.0 ,74.0 ,203.0 ,2.0 
24-Oct-21,38.0 ,17.0 ,55.0 ,-3.0 
25-Oct-21,35.0 ,11.0 ,46.0 ,8.0 
26-Oct-21,23.0 ,10.0 ,33.0 ,7.0 
27-Oct-21,25.0 ,10.0 ,35.0 ,6.0 
28-Oct-21,31.0 ,12.0 ,43.0 ,6.0 
31-Oct-21,76.0 ,28.0 ,104.0 ,8.0 
01-Nov-21,23.0 ,11.0 ,34.0 ,8.0 
02-Nov-21,20.0 ,13.0 ,33.0 ,4.0 
03-Nov-21,29.0 ,11.0 ,40.0 ,6.0 
04-Nov-21,25.0 ,10.0 ,35.0 ,8.0 
05-Nov-21,32.0 ,12.0 ,44.0 ,7.0 
06-Nov-21,28.0 ,14.0 ,42.0 ,3.0 
07-Nov-21,32.0 ,15.0 ,47.0 ,-1.0 
08-Nov-21,31.0 ,16.0 ,47.0 ,1.0 
09-Nov-21,30.0 ,22.0 ,52.0 ,-7.0 
10-Nov-21,36.0 ,14.0 ,50.0 ,6.0 
11-Nov-21,22.0 ,12.0 ,34.0 ,3.0 
12-Nov-21,30.0 ,11.0 ,41.0 ,5.0 
13-Nov-21,23.0 ,11.0 ,34.0 ,-1.0 
14-Nov-21,22.0 ,12.0 ,34.0 ,0.0 
15-Nov-21,23.0 ,13.0 ,36.0 ,-3.0 
16-Nov-21,21.0 ,10.0 ,31.0 ,5.0 
17-Nov-21,23.0 ,10.0 ,33.0 ,5.0 
18-Nov-21,23.0 ,10.0 ,33.0 ,6.0 
19-Nov-21,20.0 ,12.0 ,32.0 ,1.0 
20-Nov-21,25.0 ,12.0 ,37.0 ,3.0 
21-Nov-21,31.0 ,12.0 ,43.0 ,-1.0 
22-Nov-21,23.0 ,15.0 ,38.0 ,-6.0 
23-Nov-21,28.0 ,13.0 ,41.0 ,0.0 
24-Nov-21,30.0 ,14.0 ,44.0 ,3.0 
25-Nov-21,24.0 ,12.0 ,36.0 ,4.0 
26-Nov-21,19.0 ,13.0 ,32.0 ,-2.0 
27-Nov-21,28.0 ,15.0 ,43.0 ,-9.0 
29-Nov-21,58.0 ,34.0 ,92.0 ,-5.0 
30-Nov-21,33.0 ,22.0 ,55.0 ,-9.0 
01-Dec-21,48.0 ,20.0 ,68.0 ,-7.0 
02-Dec-21,37.0 ,23.0 ,60.0 ,-9.0 
03-Dec-21,44.0 ,22.0 ,66.0 ,-11.0 
04-Dec-21,45.0 ,17.0 ,62.0 ,-6.0 
05-Dec-21,42.0 ,22.0 ,64.0 ,-16.0 
06-Dec-21,45.0 ,23.0 ,68.0 ,-13.0 
07-Dec-21,54.0 ,23.0 ,77.0 ,-18.0 
08-Dec-21,54.0 ,22.0 ,76.0 ,-19.0 
09-Dec-21,48.0 ,22.0 ,70.0 ,-11.0 
10-Dec-21,35.0 ,18.0 ,53.0 ,-4.0 
11-Dec-21,25.0 ,14.0 ,39.0 ,-1.0 
12-Dec-21,27.0 ,11.0 ,38.0 ,1.0 
13-Dec-21,20.0 ,11.0 ,31.0 ,0.0 
14-Dec-21,22.0 ,10.0 ,32.0 ,2.0 
15-Dec-21,27.0 ,10.0 ,37.0 ,1.0 
16-Dec-21,23.0 ,10.0 ,33.0 ,3.0 
17-Dec-21,22.0 ,10.0 ,32.0 ,0.0 
18-Dec-21,24.0 ,12.0 ,36.0 ,1.0 
19-Dec-21,32.0 ,14.0 ,46.0 ,0.0 
20-Dec-21,30.0 ,17.0 ,47.0 ,-9.0 
21-Dec-21,33.0 ,20.0 ,53.0 ,-11.0 
22-Dec-21,46.0 ,23.0 ,69.0 ,-13.0 
23-Dec-21,50.0 ,22.0 ,72.0 ,-3.0 
24-Dec-21,36.0 ,17.0 ,53.0 ,-10.0 
25-Dec-21,49.0 ,23.0 ,72.0 ,-17.0 
26-Dec-21,46.0 ,22.0 ,68.0 ,-17.0 
27-Dec-21,48.0 ,23.0 ,71.0 ,-16.0 
28-Dec-21,42.0 ,23.0 ,65.0 ,-11.0 
29-Dec-21,40.0 ,17.0 ,57.0 ,-4.0 
30-Dec-21,36.0 ,17.0 ,53.0 ,-3.0 
31-Dec-21,36.0 ,15.0 ,51.0 ,0.0 
01-Jan-22,41.0 ,14.0 ,55.0 ,-5.0 
02-Jan-22,24.0 ,15.0 ,39.0 ,-7.0 
03-Jan-22,32.0 ,14.0 ,46.0 ,-2.0 
04-Jan-22,35.0 ,15.0 ,50.0 ,-1.0 
05-Jan-22,35.0 ,13.0 ,48.0 ,0.0 
06-Jan-22,28.0 ,14.0 ,42.0 ,-5.0 
07-Jan-22,41.0 ,16.0 ,57.0 ,-10.0 
08-Jan-22,42.0 ,21.0 ,63.0 ,-14.0 
09-Jan-22,40.0 ,16.0 ,56.0 ,-4.0 
10-Jan-22,34.0 ,17.0 ,51.0 ,-9.0 
11-Jan-22,37.0 ,22.0 ,59.0 ,-19.0 
12-Jan-22,44.0 ,18.0 ,62.0 ,-3.0 
13-Jan-22,36.0 ,14.0 ,50.0 ,2.0 
14-Jan-22,25.0 ,12.0 ,37.0 ,2.0 
15-Jan-22,27.0 ,13.0 ,40.0 ,-1.0 
16-Jan-22,35.0 ,14.0 ,49.0 ,-2.0 
17-Jan-22,29.0 ,13.0 ,42.0 ,0.0 
18-Jan-22,35.0 ,16.0 ,51.0 ,-7.0 
19-Jan-22,27.0 ,15.0 ,42.0 ,-3.0 
20-Jan-22,24.0 ,14.0 ,38.0 ,1.0 
21-Jan-22,34.0 ,14.0 ,48.0 ,-2.0 
22-Jan-22,31.0 ,14.0 ,45.0 ,-5.0 
23-Jan-22,33.0 ,17.0 ,50.0 ,-5.0 
24-Jan-22,26.0 ,13.0 ,39.0 ,1.0 
25-Jan-22,32.0 ,14.0 ,46.0 ,-1.0 
26-Jan-22,24.0 ,16.0 ,40.0 ,-6.0 
27-Jan-22,28.0 ,14.0 ,42.0 ,0.0 
28-Jan-22,28.0 ,13.0 ,41.0 ,0.0 
29-Jan-22,39.0 ,15.0 ,54.0 ,-4.0 
30-Jan-22,27.0 ,13.0 ,40.0 ,-1.0 
31-Jan-22,36.0 ,15.0 ,51.0 ,-6.0 
01-Feb-22,43.0 ,18.0 ,61.0 ,-8.0 
02-Feb-22,40.0 ,19.0 ,59.0 ,-9.0 
03-Feb-22,39.0 ,19.0 ,58.0 ,-11.0 
04-Feb-22,51.0 ,20.0 ,71.0 ,-6.0 
05-Feb-22,33.0 ,24.0 ,57.0 ,-2.0 
06-Feb-22,27.0 ,5.0 ,32.0 ,-1.0 
07-Feb-22,33.0 ,12.0 ,45.0 ,0.0 
08-Feb-22,29.0 ,13.0 ,42.0 ,-2.0 
09-Feb-22,26.0 ,14.0 ,40.0 ,-4.0 
10-Feb-22,26.0 ,14.0 ,40.0 ,-3.0 
11-Feb-22,32.0 ,15.0 ,47.0 ,-5.0 
12-Feb-22,29.0 ,17.0 ,46.0 ,-5.0 
13-Feb-22,26.0 ,12.0 ,38.0 ,1.0 
14-Feb-22,27.0 ,11.0 ,38.0 ,1.0 
15-Feb-22,34.0 ,12.0 ,46.0 ,1.0 
16-Feb-22,26.0 ,11.0 ,37.0 ,1.0 
17-Feb-22,22.0 ,12.0 ,34.0 ,1.0 
18-Feb-22,25.0 ,14.0 ,39.0 ,-1.0 
19-Feb-22,32.0 ,15.0 ,47.0 ,0.0 
20-Feb-22,30.0 ,14.0 ,44.0 ,-4.0 
21-Feb-22,27.0 ,13.0 ,40.0 ,-2.0 
22-Feb-22,36.0 ,14.0 ,50.0 ,-1.0 
23-Feb-22,33.0 ,17.0 ,50.0 ,-12.0 
24-Feb-22,28.0 ,13.0 ,41.0 ,1.0 
25-Feb-22,21.0 ,13.0 ,34.0 ,1.0 
26-Feb-22,22.0 ,13.0 ,35.0 ,-3.0 
27-Feb-22,23.0 ,14.0 ,37.0 ,-3.0 
28-Feb-22,23.0 ,13.0 ,36.0 ,-3.0 
01-Mar-22,22.0 ,13.0 ,35.0 ,-3.0 
02-Mar-22,21.0 ,15.0 ,36.0 ,1.0 
03-Mar-22,25.0 ,13.0 ,38.0 ,-3.0 
04-Mar-22,29.0 ,14.0 ,43.0 ,-7.0 
05-Mar-22,27.0 ,16.0 ,43.0 ,-10.0 
06-Mar-22,31.0 ,13.0 ,44.0 ,-4.0 
07-Mar-22,23.0 ,14.0 ,37.0 ,-1.0 
08-Mar-22,23.0 ,12.0 ,35.0 ,-3.0 
09-Mar-22,25.0 ,13.0 ,38.0 ,-3.0 
10-Mar-22,27.0 ,15.0 ,42.0 ,-9.0 
11-Mar-22,29.0 ,12.0 ,41.0 ,0.0 
12-Mar-22,27.0 ,13.0 ,40.0 ,-3.0 
13-Mar-22,30.0 ,12.0 ,42.0 ,-5.0 
14-Mar-22,31.0 ,13.0 ,44.0 ,-5.0 
15-Mar-22,22.0 ,13.0 ,35.0 ,-6.0 
16-Mar-22,21.0 ,11.0 ,32.0 ,-7.0 
17-Mar-22,22.0 ,11.0 ,33.0 ,-6.0 
18-Mar-22,28.0 ,11.0 ,39.0 ,-4.0 
19-Mar-22,22.0 ,10.0 ,32.0 ,2.0 
20-Mar-22,22.0 ,10.0 ,32.0 ,1.0 
21-Mar-22,18.0 ,10.0 ,28.0 ,-1.0 
22-Mar-22,26.0 ,10.0 ,36.0 ,-3.0 
23-Mar-22,25.0 ,8.0 ,33.0 ,-2.0 
24-Mar-22,20.0 ,10.0 ,30.0 ,-1.0 
25-Mar-22,27.0 ,10.0 ,37.0 ,3.0 
26-Mar-22,22.0 ,9.0 ,31.0 ,4.0 
27-Mar-22,31.0 ,11.0 ,42.0 ,-3.0 
28-Mar-22,27.0 ,13.0 ,40.0 ,2.0 
29-Mar-22,20.0 ,11.0 ,31.0 ,-4.0 
30-Mar-22,21.0 ,12.0 ,33.0 ,-7.0 
31-Mar-22,22.0 ,14.0 ,36.0 ,-9.0 
01-Apr-22,24.0 ,13.0 ,37.0 ,-8.0 
02-Apr-22,28.0 ,13.0 ,41.0 ,-3.0 
03-Apr-22,25.0 ,12.0 ,37.0 ,0.0 
04-Apr-22,27.0 ,11.0 ,38.0 ,0.0 
05-Apr-22,23.0 ,11.0 ,34.0 ,0.0 
06-Apr-22,23.0 ,12.0 ,35.0 ,-7.0 
07-Apr-22,24.0 ,11.0 ,35.0 ,-2.0 
08-Apr-22,23.0 ,11.0 ,34.0 ,3.0 
09-Apr-22,23.0 ,10.0 ,33.0 ,1.0 
10-Apr-22,21.0 ,11.0 ,32.0 ,1.0 
11-Apr-22,19.0 ,10.0 ,29.0 ,1.0 
12-Apr-22,22.0 ,9.0 ,31.0 ,-1.0 
13-Apr-22,19.0 ,8.0 ,27.0 ,-2.0 
14-Apr-22,17.0 ,8.0 ,25.0 ,2.0 
15-Apr-22,21.0 ,10.0 ,31.0 ,4.0 
16-Apr-22,26.0 ,9.0 ,35.0 ,3.0 
17-Apr-22,29.0 ,10.0 ,39.0 ,-3.0 
19-Apr-22,35.0 ,15.0 ,50.0 ,1.0 
20-Apr-22,16.0 ,8.0 ,24.0 ,1.0 
21-Apr-22,22.0 ,7.0 ,29.0 ,5.0 
22-Apr-22,11.0 ,9.0 ,20.0 ,2.0 
23-Apr-22,21.0 ,8.0 ,29.0 ,5.0 
24-Apr-22,24.0 ,9.0 ,33.0 ,4.0 
25-Apr-22,20.0 ,10.0 ,30.0 ,4.0 
26-Apr-22,16.0 ,9.0 ,25.0 ,8.0 
27-Apr-22,12.0 ,9.0 ,21.0 ,4.0 
28-Apr-22,17.0 ,10.0 ,27.0 ,-2.0 
29-Apr-22,28.0 ,9.0 ,37.0 ,2.0 
30-Apr-22,18.0 ,13.0 ,31.0 ,3.0 
01-May-22,20.0 ,8.0 ,28.0 ,6.0 
02-May-22,27.0 ,10.0 ,37.0 ,4.0 
03-May-22,26.0 ,9.0 ,35.0 ,10.0 
04-May-22,15.0 ,8.0 ,23.0 ,6.0 
05-May-22,24.0 ,11.0 ,35.0 ,5.0 
06-May-22,13.0 ,8.0 ,21.0 ,9.0 
07-May-22,12.0 ,8.0 ,20.0 ,12.0 
08-May-22,12.0 ,9.0 ,21.0 ,8.0 
09-May-22,11.0 ,8.0 ,19.0 ,4.0 
10-May-22,14.0 ,11.0 ,25.0 ,12.0 
11-May-22,14.0 ,7.0 ,21.0 ,8.0 
12-May-22,16.0 ,7.0 ,23.0 ,8.0 
13-May-22,15.0 ,7.0 ,22.0 ,14.0 
14-May-22,23.0 ,8.0 ,31.0 ,8.0 
15-May-22,22.0 ,9.0 ,31.0 ,13.0 
16-May-22,17.0 ,7.0 ,24.0 ,9.0 
17-May-22,17.0 ,8.0 ,25.0 ,6.0 
18-May-22,15.0 ,7.0 ,22.0 ,9.0 
19-May-22,24.0 ,6.0 ,30.0 ,9.0 
20-May-22,22.0 ,7.0 ,29.0 ,11.0 
21-May-22,17.0 ,8.0 ,25.0 ,10.0 
22-May-22,20.0 ,11.0 ,31.0 ,11.0 
23-May-22,13.0 ,9.0 ,22.0 ,14.0 
24-May-22,11.0 ,8.0 ,19.0 ,17.0 
25-May-22,8.0 ,9.0 ,17.0 ,15.0 
26-May-22,12.0 ,7.0 ,19.0 ,13.0 
27-May-22,15.0 ,7.0 ,22.0 ,10.0 
28-May-22,19.0 ,7.0 ,26.0 ,10.0 
29-May-22,19.0 ,6.0 ,25.0 ,11.0 
30-May-22,20.0 ,7.0 ,27.0 ,15.0 
31-May-22,14.0 ,7.0 ,21.0 ,13.0 
01-Jun-22,20.0 ,5.0 ,25.0 ,10.0 
02-Jun-22,15.0 ,7.0 ,22.0 ,12.0 
03-Jun-22,22.0 ,7.0 ,29.0 ,10.0 
04-Jun-22,13.0 ,6.0 ,19.0 ,11.0 
05-Jun-22,14.0 ,6.0 ,20.0 ,18.0 
06-Jun-22,15.0 ,8.0 ,23.0 ,18.0 
07-Jun-22,12.0 ,5.0 ,17.0 ,16.0 
08-Jun-22,16.0 ,5.0 ,21.0 ,12.0 
13-Jun-22,39.0 ,20.0 ,59.0 ,20.0 
14-Jun-22,11.0 ,6.0 ,17.0 ,15.0 
15-Jun-22,12.0 ,7.0 ,19.0 ,15.0 
16-Jun-22,9.0 ,6.0 ,15.0 ,22.0 
17-Jun-22,11.0 ,5.0 ,16.0 ,22.0 
18-Jun-22,11.0 ,6.0 ,17.0 ,15.0 
19-Jun-22,18.0 ,4.0 ,22.0 ,16.0 
20-Jun-22,16.0 ,6.0 ,22.0 ,20.0 
21-Jun-22,20.0 ,4.0 ,24.0 ,9.0 
22-Jun-22,12.0 ,7.0 ,19.0 ,20.0 
23-Jun-22,14.0 ,3.0 ,17.0 ,23.0 
24-Jun-22,19.0 ,7.0 ,26.0 ,18.0 
25-Jun-22,14.0 ,3.0 ,17.0 ,26.0 
26-Jun-22,11.0 ,5.0 ,16.0 ,29.0 
27-Jun-22,12.0 ,4.0 ,16.0 ,29.0 
28-Jun-22,13.0 ,5.0 ,18.0 ,30.0 
29-Jun-22,14.0 ,5.0 ,19.0 ,28.0 
30-Jun-22,14.0 ,4.0 ,18.0 ,24.0 
01-Jul-22,10.0 ,9.0 ,19.0 ,27.0 
02-Jul-22,12.0 ,5.0 ,17.0 ,26.0 
03-Jul-22,16.0 ,8.0 ,24.0 ,23.0 
04-Jul-22,10.0 ,6.0 ,16.0 ,25.0 
05-Jul-22,15.0 ,5.0 ,20.0 ,26.0 
06-Jul-22,10.0 ,4.0 ,14.0 ,18.0 
07-Jul-22,11.0 ,4.0 ,15.0 ,19.0 
08-Jul-22,9.0 ,5.0 ,14.0 ,22.0 
09-Jul-22,12.0 ,3.0 ,15.0 ,17.0 
10-Jul-22,12.0 ,4.0 ,16.0 ,17.0 
11-Jul-22,10.0 ,3.0 ,13.0 ,23.0 
12-Jul-22,11.0 ,3.0 ,14.0 ,18.0 
13-Jul-22,10.0 ,3.0 ,13.0 ,21.0 
14-Jul-22,11.0 ,3.0 ,14.0 ,17.0 
15-Jul-22,16.0 ,5.0 ,21.0 ,13.0 
16-Jul-22,13.0 ,4.0 ,17.0 ,15.0 
17-Jul-22,11.0 ,5.0 ,16.0 ,14.0 
18-Jul-22,13.0 ,5.0 ,18.0 ,13.0 
19-Jul-22,16.0 ,4.0 ,20.0 ,18.0 
20-Jul-22,13.0 ,4.0 ,17.0 ,18.0 
21-Jul-22,14.0 ,3.0 ,17.0 ,20.0 
22-Jul-22,14.0 ,4.0 ,18.0 ,22.0 
23-Jul-22,11.0 ,3.0 ,14.0 ,20.0 
24-Jul-22,11.0 ,3.0 ,14.0 ,17.0 
05-Aug-22,84.0 ,39.0 ,123.0 ,23.0 
06-Aug-22,14.0 ,4.0 ,18.0 ,21.0 
07-Aug-22,8.0 ,5.0 ,13.0 ,19.0 
08-Aug-22,14.0 ,3.0 ,17.0 ,15.0 
09-Aug-22,20.0 ,3.0 ,23.0 ,17.0 
10-Aug-22,11.0 ,4.0 ,15.0 ,17.0 
11-Aug-22,14.0 ,4.0 ,18.0 ,18.0 
12-Aug-22,12.0 ,4.0 ,16.0 ,18.0 
13-Aug-22,11.0 ,5.0 ,16.0 ,20.0 
14-Aug-22,11.0 ,3.0 ,14.0 ,18.0 
15-Aug-22,8.0 ,5.0 ,13.0 ,13.0 
16-Aug-22,10.0 ,5.0 ,15.0 ,19.0 
17-Aug-22,6.0 ,4.0 ,10.0 ,20.0 
18-Aug-22,7.0 ,3.0 ,10.0 ,21.0 
19-Aug-22,6.0 ,5.0 ,11.0 ,20.0 
20-Aug-22,7.0 ,4.0 ,11.0 ,23.0 
21-Aug-22,11.0 ,3.0 ,14.0 ,21.0 
22-Aug-22,12.0 ,3.0 ,15.0 ,20.0 
23-Aug-22,10.0 ,4.0 ,14.0 ,15.0 
24-Aug-22,9.0 ,3.0 ,12.0 ,19.0 
25-Aug-22,10.0 ,3.0 ,13.0 ,17.0 
26-Aug-22,10.0 ,3.0 ,13.0 ,16.0 
27-Aug-22,10.0 ,4.0 ,14.0 ,16.0 
28-Aug-22,13.0 ,3.0 ,16.0 ,19.0 
29-Aug-22,10.0 ,4.0 ,14.0 ,16.0 
30-Aug-22,15.0 ,5.0 ,20.0 ,11.0 
31-Aug-22,12.0 ,5.0 ,17.0 ,10.0 
01-Sep-22,21.0 ,7.0 ,28.0 ,6.0 
02-Sep-22,9.0 ,6.0 ,15.0 ,4.0 
03-Sep-22,13.0 ,8.0 ,21.0 ,5.0 
04-Sep-22,10.0 ,6.0 ,16.0 ,5.0 
05-Sep-22,10.0 ,6.0 ,16.0 ,7.0 
06-Sep-22,15.0 ,8.0 ,23.0 ,5.0 
07-Sep-22,10.0 ,5.0 ,15.0 ,8.0 
08-Sep-22,11.0 ,6.0 ,17.0 ,2.0 
09-Sep-22,12.0 ,8.0 ,20.0 ,3.0 
11-Sep-22,22.0 ,14.0 ,36.0 ,7.0 
12-Sep-22,12.0 ,8.0 ,20.0 ,3.0 
13-Sep-22,13.0 ,6.0 ,19.0 ,11.0 
14-Sep-22,10.0 ,5.0 ,15.0 ,12.0 
15-Sep-22,11.0 ,6.0 ,17.0 ,12.0 
16-Sep-22,11.0 ,5.0 ,16.0 ,10.0 
17-Sep-22,13.0 ,7.0 ,20.0 ,9.0 
18-Sep-22,10.0 ,5.0 ,15.0 ,8.0 
19-Sep-22,14.0 ,5.0 ,19.0 ,9.0 
20-Sep-22,15.0 ,5.0 ,20.0 ,9.0 
21-Sep-22,15.0 ,7.0 ,22.0 ,4.0 
22-Sep-22,11.0 ,8.0 ,19.0 ,4.0 
23-Sep-22,15.0 ,7.0 ,22.0 ,6.0 
24-Sep-22,14.0 ,7.0 ,21.0 ,10.0 
25-Sep-22,11.0 ,8.0 ,19.0 ,7.0 
26-Sep-22,13.0 ,8.0 ,21.0 ,6.0 
27-Sep-22,18.0 ,7.0 ,25.0 ,10.0 
28-Sep-22,9.0 ,8.0 ,17.0 ,7.0 
29-Sep-22,12.0 ,8.0 ,20.0 ,7.0 
30-Sep-22,16.0 ,7.0 ,23.0 ,7.0 
01-Oct-22,15.0 ,8.0 ,23.0 ,5.0 
02-Oct-22,16.0 ,7.0 ,23.0 ,9.0 
03-Oct-22,14.0 ,5.0 ,19.0 ,5.0 
04-Oct-22,16.0 ,9.0 ,25.0 ,6.0 
05-Oct-22,13.0 ,6.0 ,19.0 ,3.0 
06-Oct-22,10.0 ,6.0 ,16.0 ,12.0 
07-Oct-22,11.0 ,6.0 ,17.0 ,10.0 
08-Oct-22,13.0 ,6.0 ,19.0 ,12.0 
09-Oct-22,12.0 ,5.0 ,17.0 ,5.0 
10-Oct-22,12.0 ,10.0 ,22.0 ,6.0 
11-Oct-22,12.0 ,8.0 ,20.0 ,8.0 
12-Oct-22,12.0 ,9.0 ,21.0 ,4.0 
13-Oct-22,13.0 ,8.0 ,21.0 ,-2.0 
14-Oct-22,10.0 ,9.0 ,19.0 ,9.0 
15-Oct-22,15.0 ,6.0 ,21.0 ,10.0 
16-Oct-22,11.0 ,5.0 ,16.0 ,10.0 
17-Oct-22,10.0 ,6.0 ,16.0 ,9.0 
18-Oct-22,15.0 ,7.0 ,22.0 ,8.0 
19-Oct-22,11.0 ,6.0 ,17.0 ,0.0 
20-Oct-22,13.0 ,10.0 ,23.0 ,2.0 
22-Oct-22,29.0 ,18.0 ,47.0 ,6.0 
23-Oct-22,13.0 ,7.0 ,20.0 ,7.0 
24-Oct-22,11.0 ,10.0 ,21.0 ,-3.0 
25-Oct-22,20.0 ,10.0 ,30.0 ,0.0 
26-Oct-22,14.0 ,6.0 ,20.0 ,9.0 
27-Oct-22,15.0 ,6.0 ,21.0 ,8.0 
28-Oct-22,14.0 ,5.0 ,19.0 ,10.0 
29-Oct-22,13.0 ,4.0 ,17.0 ,11.0 
30-Oct-22,13.0 ,7.0 ,20.0 ,4.0 
31-Oct-22,15.0 ,8.0 ,23.0 ,-1.0 
01-Nov-22,17.0 ,6.0 ,23.0 ,8.0 
02-Nov-22,11.0 ,6.0 ,17.0 ,6.0 
03-Nov-22,14.0 ,9.0 ,23.0 ,7.0 
04-Nov-22,13.0 ,7.0 ,20.0 ,6.0 
05-Nov-22,15.0 ,8.0 ,23.0 ,3.0 